bin6,country,support_rows,non_xb_rows,all_rows,confidence,note
541756,GB,2,2,3,1.0,
512901,US,2,2,2,1.0,
532128,DE,2,2,2,1.0,
536770,GB,2,2,2,1.0,
550123,FR,2,2,2,1.0,
553535,US,2,2,2,1.0,
510541,GB,1,1,2,1.0,
512871,US,1,1,2,1.0,
514519,CA,1,1,2,1.0,
520535,GB,1,1,2,1.0,
523783,CA,1,1,2,1.0,
526464,GB,1,1,2,1.0,
529327,DE,1,1,2,1.0,
530543,ES,1,1,2,1.0,
531009,GB,1,1,2,1.0,
538343,FR,1,1,2,1.0,
539884,US,1,1,2,1.0,
545853,FR,1,1,2,1.0,
550643,GB,1,1,2,1.0,
550792,DE,1,1,2,1.0,
556649,FR,1,1,2,1.0,
510024,GB,1,1,1,1.0,
510027,DE,1,1,1,1.0,
510073,US,1,1,1,1.0,
510166,ES,1,1,1,1.0,
510181,CA,1,1,1,1.0,
510204,FR,1,1,1,1.0,
510210,CA,1,1,1,1.0,
510244,DE,1,1,1,1.0,
510248,DE,1,1,1,1.0,
510288,CA,1,1,1,1.0,
510322,IT,1,1,1,1.0,
510327,CA,1,1,1,1.0,
510452,CA,1,1,1,1.0,
510473,GB,1,1,1,1.0,
510499,DE,1,1,1,1.0,
510525,DE,1,1,1,1.0,
510546,US,1,1,1,1.0,
510553,US,1,1,1,1.0,
510607,CA,1,1,1,1.0,
510632,DE,1,1,1,1.0,
510639,US,1,1,1,1.0,
510646,RO,1,1,1,1.0,
510744,DE,1,1,1,1.0,
510745,FR,1,1,1,1.0,
510747,RO,1,1,1,1.0,
510834,US,1,1,1,1.0,
510839,CA,1,1,1,1.0,
510874,FR,1,1,1,1.0,
510890,DE,1,1,1,1.0,
510922,DE,1,1,1,1.0,
511171,US,1,1,1,1.0,
511196,CA,1,1,1,1.0,
511233,GB,1,1,1,1.0,
511263,FR,1,1,1,1.0,
511380,DE,1,1,1,1.0,
511384,CA,1,1,1,1.0,
511385,DE,1,1,1,1.0,
511503,US,1,1,1,1.0,
511539,DE,1,1,1,1.0,
511542,AU,1,1,1,1.0,
511550,FR,1,1,1,1.0,
511602,US,1,1,1,1.0,
511606,CA,1,1,1,1.0,
511797,FR,1,1,1,1.0,
511832,GB,1,1,1,1.0,
511924,DE,1,1,1,1.0,
511997,GB,1,1,1,1.0,
512039,FR,1,1,1,1.0,
512114,DE,1,1,1,1.0,
512128,CA,1,1,1,1.0,
512176,CA,1,1,1,1.0,
512232,FR,1,1,1,1.0,
512242,FR,1,1,1,1.0,
512255,GB,1,1,1,1.0,
512258,FR,1,1,1,1.0,
512265,DE,1,1,1,1.0,
512327,GB,1,1,1,1.0,
512387,CA,1,1,1,1.0,
512531,CA,1,1,1,1.0,
512548,FR,1,1,1,1.0,
512555,DE,1,1,1,1.0,
512594,GB,1,1,1,1.0,
512657,RO,1,1,1,1.0,
512689,FR,1,1,1,1.0,
512699,FR,1,1,1,1.0,
512700,DE,1,1,1,1.0,
512850,DE,1,1,1,1.0,
512852,CA,1,1,1,1.0,
512874,DE,1,1,1,1.0,
512880,US,1,1,1,1.0,
513074,GB,1,1,1,1.0,
513113,GB,1,1,1,1.0,
513118,US,1,1,1,1.0,
513159,GB,1,1,1,1.0,
513162,IT,1,1,1,1.0,
513187,US,1,1,1,1.0,
513214,GB,1,1,1,1.0,
513247,IT,1,1,1,1.0,
513263,US,1,1,1,1.0,
513337,FR,1,1,1,1.0,
513340,AU,1,1,1,1.0,
513562,US,1,1,1,1.0,
513597,DE,1,1,1,1.0,
513612,US,1,1,1,1.0,
513634,CA,1,1,1,1.0,
513685,US,1,1,1,1.0,
513765,DE,1,1,1,1.0,
513771,GB,1,1,1,1.0,
513794,DE,1,1,1,1.0,
513805,DE,1,1,1,1.0,
513943,CA,1,1,1,1.0,
513976,GB,1,1,1,1.0,
514019,CA,1,1,1,1.0,
514029,US,1,1,1,1.0,
514083,US,1,1,1,1.0,
514089,FR,1,1,1,1.0,
514217,DE,1,1,1,1.0,
514255,CA,1,1,1,1.0,
514356,AU,1,1,1,1.0,
514370,CA,1,1,1,1.0,
514390,GB,1,1,1,1.0,
514415,US,1,1,1,1.0,
514441,US,1,1,1,1.0,
514471,FR,1,1,1,1.0,
514556,DE,1,1,1,1.0,
514568,GB,1,1,1,1.0,
514577,FR,1,1,1,1.0,
514578,GB,1,1,1,1.0,
514680,US,1,1,1,1.0,
514803,DE,1,1,1,1.0,
514812,US,1,1,1,1.0,
514870,FR,1,1,1,1.0,
514891,GB,1,1,1,1.0,
514933,GB,1,1,1,1.0,
514962,US,1,1,1,1.0,
515090,GB,1,1,1,1.0,
515102,DE,1,1,1,1.0,
515138,DE,1,1,1,1.0,
515183,DE,1,1,1,1.0,
515197,US,1,1,1,1.0,
515205,DE,1,1,1,1.0,
515221,FR,1,1,1,1.0,
515252,FR,1,1,1,1.0,
515286,CA,1,1,1,1.0,
515288,GB,1,1,1,1.0,
515324,GB,1,1,1,1.0,
515364,RO,1,1,1,1.0,
515394,DE,1,1,1,1.0,
515407,FR,1,1,1,1.0,
515515,GB,1,1,1,1.0,
515559,US,1,1,1,1.0,
515582,DE,1,1,1,1.0,
515632,CA,1,1,1,1.0,
515638,FR,1,1,1,1.0,
515713,GB,1,1,1,1.0,
515718,CA,1,1,1,1.0,
515791,DE,1,1,1,1.0,
515804,CA,1,1,1,1.0,
515821,FR,1,1,1,1.0,
515871,DE,1,1,1,1.0,
515878,DE,1,1,1,1.0,
515892,CA,1,1,1,1.0,
515894,CA,1,1,1,1.0,
515906,FR,1,1,1,1.0,
515919,GB,1,1,1,1.0,
515922,GB,1,1,1,1.0,
515928,AU,1,1,1,1.0,
515960,GB,1,1,1,1.0,
515982,FR,1,1,1,1.0,
515987,CA,1,1,1,1.0,
516001,FR,1,1,1,1.0,
516050,CA,1,1,1,1.0,
516065,DE,1,1,1,1.0,
516072,FR,1,1,1,1.0,
516171,GB,1,1,1,1.0,
516222,GB,1,1,1,1.0,
516275,FR,1,1,1,1.0,
516279,DE,1,1,1,1.0,
516358,CA,1,1,1,1.0,
516434,CA,1,1,1,1.0,
516468,US,1,1,1,1.0,
516492,AU,1,1,1,1.0,
516548,ES,1,1,1,1.0,
516555,US,1,1,1,1.0,
516567,GB,1,1,1,1.0,
516626,GB,1,1,1,1.0,
516702,FR,1,1,1,1.0,
516744,US,1,1,1,1.0,
516828,ES,1,1,1,1.0,
516863,US,1,1,1,1.0,
516883,FR,1,1,1,1.0,
516885,DE,1,1,1,1.0,
516949,CA,1,1,1,1.0,
516994,DE,1,1,1,1.0,
517137,GB,1,1,1,1.0,
517145,US,1,1,1,1.0,
517340,GB,1,1,1,1.0,
517363,CA,1,1,1,1.0,
517405,AU,1,1,1,1.0,
517464,US,1,1,1,1.0,
517477,US,1,1,1,1.0,
517600,US,1,1,1,1.0,
517616,CA,1,1,1,1.0,
517623,CA,1,1,1,1.0,
517653,US,1,1,1,1.0,
517667,DE,1,1,1,1.0,
517710,DE,1,1,1,1.0,
517713,DE,1,1,1,1.0,
517747,US,1,1,1,1.0,
517750,US,1,1,1,1.0,
517788,FR,1,1,1,1.0,
517834,CA,1,1,1,1.0,
517885,CA,1,1,1,1.0,
517920,ES,1,1,1,1.0,
517925,IT,1,1,1,1.0,
517947,US,1,1,1,1.0,
517958,GB,1,1,1,1.0,
517997,GB,1,1,1,1.0,
518049,US,1,1,1,1.0,
518075,GB,1,1,1,1.0,
518104,CA,1,1,1,1.0,
518120,DE,1,1,1,1.0,
518167,GB,1,1,1,1.0,
518244,CA,1,1,1,1.0,
518245,CA,1,1,1,1.0,
518254,CA,1,1,1,1.0,
518256,US,1,1,1,1.0,
518257,US,1,1,1,1.0,
518323,FR,1,1,1,1.0,
518356,DE,1,1,1,1.0,
518386,CA,1,1,1,1.0,
518413,FR,1,1,1,1.0,
518463,FR,1,1,1,1.0,
518489,GB,1,1,1,1.0,
518498,AU,1,1,1,1.0,
518536,CA,1,1,1,1.0,
518658,GB,1,1,1,1.0,
518672,FR,1,1,1,1.0,
518739,FR,1,1,1,1.0,
518810,DE,1,1,1,1.0,
518856,GB,1,1,1,1.0,
518868,US,1,1,1,1.0,
518891,DE,1,1,1,1.0,
518900,FR,1,1,1,1.0,
518925,FR,1,1,1,1.0,
518936,FR,1,1,1,1.0,
519122,GB,1,1,1,1.0,
519243,DE,1,1,1,1.0,
519268,US,1,1,1,1.0,
519273,CA,1,1,1,1.0,
519379,US,1,1,1,1.0,
519392,CA,1,1,1,1.0,
519456,GB,1,1,1,1.0,
519495,FR,1,1,1,1.0,
519513,FR,1,1,1,1.0,
519525,FR,1,1,1,1.0,
519565,ES,1,1,1,1.0,
519734,CA,1,1,1,1.0,
519790,US,1,1,1,1.0,
519809,CA,1,1,1,1.0,
519817,GB,1,1,1,1.0,
519860,DE,1,1,1,1.0,
519877,DE,1,1,1,1.0,
519910,GB,1,1,1,1.0,
519952,CA,1,1,1,1.0,
519973,GB,1,1,1,1.0,
519985,US,1,1,1,1.0,
520003,RO,1,1,1,1.0,
520010,CA,1,1,1,1.0,
520042,DE,1,1,1,1.0,
520058,GB,1,1,1,1.0,
520094,US,1,1,1,1.0,
520100,DE,1,1,1,1.0,
520113,FR,1,1,1,1.0,
520216,GB,1,1,1,1.0,
520251,FR,1,1,1,1.0,
520269,GB,1,1,1,1.0,
520281,GB,1,1,1,1.0,
520302,GB,1,1,1,1.0,
520340,US,1,1,1,1.0,
520360,US,1,1,1,1.0,
520387,GB,1,1,1,1.0,
520452,GB,1,1,1,1.0,
520536,FR,1,1,1,1.0,
520555,GB,1,1,1,1.0,
520614,US,1,1,1,1.0,
520629,DE,1,1,1,1.0,
520642,RO,1,1,1,1.0,
520665,DE,1,1,1,1.0,
520744,US,1,1,1,1.0,
520864,GB,1,1,1,1.0,
520886,FR,1,1,1,1.0,
520896,GB,1,1,1,1.0,
520899,US,1,1,1,1.0,
520973,US,1,1,1,1.0,
520977,FR,1,1,1,1.0,
521005,US,1,1,1,1.0,
521058,ES,1,1,1,1.0,
521088,DE,1,1,1,1.0,
521108,US,1,1,1,1.0,
521129,GB,1,1,1,1.0,
521194,GB,1,1,1,1.0,
521222,GB,1,1,1,1.0,
521242,CA,1,1,1,1.0,
521385,DE,1,1,1,1.0,
521460,IT,1,1,1,1.0,
521467,CA,1,1,1,1.0,
521548,CA,1,1,1,1.0,
521621,FR,1,1,1,1.0,
521644,CA,1,1,1,1.0,
521787,CA,1,1,1,1.0,
521813,DE,1,1,1,1.0,
521825,US,1,1,1,1.0,
521851,CA,1,1,1,1.0,
521877,GB,1,1,1,1.0,
521904,DE,1,1,1,1.0,
521916,US,1,1,1,1.0,
521954,FR,1,1,1,1.0,
521982,GB,1,1,1,1.0,
522053,US,1,1,1,1.0,
522078,CA,1,1,1,1.0,
522111,FR,1,1,1,1.0,
522148,DE,1,1,1,1.0,
522177,CA,1,1,1,1.0,
522179,CA,1,1,1,1.0,
522244,GB,1,1,1,1.0,
522278,DE,1,1,1,1.0,
522294,GB,1,1,1,1.0,
522359,FR,1,1,1,1.0,
522366,DE,1,1,1,1.0,
522370,GB,1,1,1,1.0,
522392,US,1,1,1,1.0,
522444,CA,1,1,1,1.0,
522469,CA,1,1,1,1.0,
522523,GB,1,1,1,1.0,
522583,GB,1,1,1,1.0,
522585,CA,1,1,1,1.0,
522587,US,1,1,1,1.0,
522692,US,1,1,1,1.0,
522696,CA,1,1,1,1.0,
522754,DE,1,1,1,1.0,
522968,AU,1,1,1,1.0,
523002,DE,1,1,1,1.0,
523007,CA,1,1,1,1.0,
523012,CA,1,1,1,1.0,
523028,US,1,1,1,1.0,
523039,US,1,1,1,1.0,
523067,US,1,1,1,1.0,
523220,CA,1,1,1,1.0,
523260,CA,1,1,1,1.0,
523265,GB,1,1,1,1.0,
523314,GB,1,1,1,1.0,
523360,FR,1,1,1,1.0,
523415,US,1,1,1,1.0,
523494,IT,1,1,1,1.0,
523515,IT,1,1,1,1.0,
523531,GB,1,1,1,1.0,
523538,CA,1,1,1,1.0,
523579,GB,1,1,1,1.0,
523591,US,1,1,1,1.0,
523592,FR,1,1,1,1.0,
523606,CA,1,1,1,1.0,
523609,US,1,1,1,1.0,
523740,GB,1,1,1,1.0,
523767,US,1,1,1,1.0,
523785,CA,1,1,1,1.0,
523825,US,1,1,1,1.0,
523926,RO,1,1,1,1.0,
524042,DE,1,1,1,1.0,
524051,DE,1,1,1,1.0,
524103,US,1,1,1,1.0,
524153,CA,1,1,1,1.0,
524198,GB,1,1,1,1.0,
524311,CA,1,1,1,1.0,
524360,FR,1,1,1,1.0,
524403,US,1,1,1,1.0,
524443,IT,1,1,1,1.0,
524466,US,1,1,1,1.0,
524591,DE,1,1,1,1.0,
524592,AU,1,1,1,1.0,
524593,DE,1,1,1,1.0,
524652,GB,1,1,1,1.0,
524768,DE,1,1,1,1.0,
524797,US,1,1,1,1.0,
524947,US,1,1,1,1.0,
524967,US,1,1,1,1.0,
524980,CA,1,1,1,1.0,
525006,FR,1,1,1,1.0,
525047,DE,1,1,1,1.0,
525146,US,1,1,1,1.0,
525309,GB,1,1,1,1.0,
525342,DE,1,1,1,1.0,
525368,FR,1,1,1,1.0,
525383,GB,1,1,1,1.0,
525384,US,1,1,1,1.0,
525451,US,1,1,1,1.0,
525477,US,1,1,1,1.0,
525540,DE,1,1,1,1.0,
525560,CA,1,1,1,1.0,
525566,DE,1,1,1,1.0,
525587,CA,1,1,1,1.0,
525608,CA,1,1,1,1.0,
525617,GB,1,1,1,1.0,
525672,GB,1,1,1,1.0,
525685,US,1,1,1,1.0,
525699,FR,1,1,1,1.0,
525702,US,1,1,1,1.0,
525743,GB,1,1,1,1.0,
526023,DE,1,1,1,1.0,
526028,CA,1,1,1,1.0,
526040,DE,1,1,1,1.0,
526054,GB,1,1,1,1.0,
526069,GB,1,1,1,1.0,
526070,DE,1,1,1,1.0,
526094,CA,1,1,1,1.0,
526239,GB,1,1,1,1.0,
526249,US,1,1,1,1.0,
526287,DE,1,1,1,1.0,
526288,GB,1,1,1,1.0,
526298,CA,1,1,1,1.0,
526303,DE,1,1,1,1.0,
526328,US,1,1,1,1.0,
526378,FR,1,1,1,1.0,
526404,CA,1,1,1,1.0,
526562,US,1,1,1,1.0,
526590,FR,1,1,1,1.0,
526599,US,1,1,1,1.0,
526665,CA,1,1,1,1.0,
526687,FR,1,1,1,1.0,
526708,GB,1,1,1,1.0,
526769,FR,1,1,1,1.0,
526887,CA,1,1,1,1.0,
526893,FR,1,1,1,1.0,
526901,US,1,1,1,1.0,
526976,US,1,1,1,1.0,
527069,DE,1,1,1,1.0,
527074,US,1,1,1,1.0,
527102,GB,1,1,1,1.0,
527179,US,1,1,1,1.0,
527188,GB,1,1,1,1.0,
527226,DE,1,1,1,1.0,
527242,GB,1,1,1,1.0,
527260,IT,1,1,1,1.0,
527278,DE,1,1,1,1.0,
527308,US,1,1,1,1.0,
527367,GB,1,1,1,1.0,
527392,CA,1,1,1,1.0,
527456,DE,1,1,1,1.0,
527474,US,1,1,1,1.0,
527494,DE,1,1,1,1.0,
527512,IT,1,1,1,1.0,
527525,CA,1,1,1,1.0,
527542,US,1,1,1,1.0,
527600,US,1,1,1,1.0,
527628,DE,1,1,1,1.0,
527728,GB,1,1,1,1.0,
527734,DE,1,1,1,1.0,
527741,DE,1,1,1,1.0,
527770,DE,1,1,1,1.0,
527826,GB,1,1,1,1.0,
527849,DE,1,1,1,1.0,
527876,US,1,1,1,1.0,
527925,US,1,1,1,1.0,
527948,DE,1,1,1,1.0,
528075,FR,1,1,1,1.0,
528084,GB,1,1,1,1.0,
528185,US,1,1,1,1.0,
528187,DE,1,1,1,1.0,
528195,DE,1,1,1,1.0,
528260,CA,1,1,1,1.0,
528264,IT,1,1,1,1.0,
528271,DE,1,1,1,1.0,
528298,GB,1,1,1,1.0,
528309,DE,1,1,1,1.0,
528317,DE,1,1,1,1.0,
528332,US,1,1,1,1.0,
528346,CA,1,1,1,1.0,
528380,US,1,1,1,1.0,
528388,GB,1,1,1,1.0,
528408,CA,1,1,1,1.0,
528410,CA,1,1,1,1.0,
528439,DE,1,1,1,1.0,
528445,AU,1,1,1,1.0,
528452,CA,1,1,1,1.0,
528453,DE,1,1,1,1.0,
528552,US,1,1,1,1.0,
528556,GB,1,1,1,1.0,
528559,CA,1,1,1,1.0,
528560,FR,1,1,1,1.0,
528571,GB,1,1,1,1.0,
528589,DE,1,1,1,1.0,
528640,DE,1,1,1,1.0,
528656,DE,1,1,1,1.0,
528694,US,1,1,1,1.0,
528730,CA,1,1,1,1.0,
528773,US,1,1,1,1.0,
528839,GB,1,1,1,1.0,
528861,US,1,1,1,1.0,
528862,CA,1,1,1,1.0,
528879,US,1,1,1,1.0,
528889,US,1,1,1,1.0,
528935,US,1,1,1,1.0,
529009,US,1,1,1,1.0,
529017,FR,1,1,1,1.0,
529034,DE,1,1,1,1.0,
529039,GB,1,1,1,1.0,
529093,US,1,1,1,1.0,
529130,US,1,1,1,1.0,
529216,FR,1,1,1,1.0,
529271,US,1,1,1,1.0,
529333,CA,1,1,1,1.0,
529366,ES,1,1,1,1.0,
529449,US,1,1,1,1.0,
529621,RO,1,1,1,1.0,
529648,GB,1,1,1,1.0,
529666,GB,1,1,1,1.0,
529685,US,1,1,1,1.0,
529810,GB,1,1,1,1.0,
529947,CA,1,1,1,1.0,
529976,CA,1,1,1,1.0,
530018,US,1,1,1,1.0,
530041,CA,1,1,1,1.0,
530086,CA,1,1,1,1.0,
530101,FR,1,1,1,1.0,
530155,FR,1,1,1,1.0,
530203,US,1,1,1,1.0,
530260,DE,1,1,1,1.0,
530278,CA,1,1,1,1.0,
530346,DE,1,1,1,1.0,
530376,DE,1,1,1,1.0,
530380,FR,1,1,1,1.0,
530394,DE,1,1,1,1.0,
530409,GB,1,1,1,1.0,
530438,DE,1,1,1,1.0,
530506,US,1,1,1,1.0,
530541,US,1,1,1,1.0,
530579,DE,1,1,1,1.0,
530655,US,1,1,1,1.0,
530712,GB,1,1,1,1.0,
530731,US,1,1,1,1.0,
530756,CA,1,1,1,1.0,
530782,GB,1,1,1,1.0,
530789,DE,1,1,1,1.0,
530829,CA,1,1,1,1.0,
530851,GB,1,1,1,1.0,
530859,CA,1,1,1,1.0,
530901,US,1,1,1,1.0,
530904,DE,1,1,1,1.0,
531101,US,1,1,1,1.0,
531102,CA,1,1,1,1.0,
531134,US,1,1,1,1.0,
531179,RO,1,1,1,1.0,
531233,AU,1,1,1,1.0,
531322,CA,1,1,1,1.0,
531333,CA,1,1,1,1.0,
531416,US,1,1,1,1.0,
531450,GB,1,1,1,1.0,
531512,CA,1,1,1,1.0,
531542,US,1,1,1,1.0,
531572,FR,1,1,1,1.0,
531580,US,1,1,1,1.0,
531584,FR,1,1,1,1.0,
531626,FR,1,1,1,1.0,
531641,US,1,1,1,1.0,
531660,CA,1,1,1,1.0,
531677,FR,1,1,1,1.0,
531699,GB,1,1,1,1.0,
531728,FR,1,1,1,1.0,
531751,IT,1,1,1,1.0,
531766,GB,1,1,1,1.0,
531812,DE,1,1,1,1.0,
531841,CA,1,1,1,1.0,
531941,FR,1,1,1,1.0,
531943,ES,1,1,1,1.0,
531986,CA,1,1,1,1.0,
531998,US,1,1,1,1.0,
532092,CA,1,1,1,1.0,
532159,US,1,1,1,1.0,
532160,US,1,1,1,1.0,
532162,RO,1,1,1,1.0,
532217,CA,1,1,1,1.0,
532328,GB,1,1,1,1.0,
532377,GB,1,1,1,1.0,
532402,CA,1,1,1,1.0,
532431,FR,1,1,1,1.0,
532449,GB,1,1,1,1.0,
532462,GB,1,1,1,1.0,
532546,DE,1,1,1,1.0,
532560,CA,1,1,1,1.0,
532582,GB,1,1,1,1.0,
532584,GB,1,1,1,1.0,
532606,DE,1,1,1,1.0,
532626,FR,1,1,1,1.0,
532652,US,1,1,1,1.0,
532673,FR,1,1,1,1.0,
532729,DE,1,1,1,1.0,
532732,US,1,1,1,1.0,
532823,IT,1,1,1,1.0,
532828,US,1,1,1,1.0,
532867,FR,1,1,1,1.0,
532870,DE,1,1,1,1.0,
532875,GB,1,1,1,1.0,
532910,DE,1,1,1,1.0,
532930,US,1,1,1,1.0,
532953,DE,1,1,1,1.0,
532988,DE,1,1,1,1.0,
533033,FR,1,1,1,1.0,
533036,US,1,1,1,1.0,
533158,FR,1,1,1,1.0,
533191,FR,1,1,1,1.0,
533208,FR,1,1,1,1.0,
533230,CA,1,1,1,1.0,
533246,DE,1,1,1,1.0,
533270,GB,1,1,1,1.0,
533301,US,1,1,1,1.0,
533373,GB,1,1,1,1.0,
533377,CA,1,1,1,1.0,
533451,DE,1,1,1,1.0,
533461,DE,1,1,1,1.0,
533467,GB,1,1,1,1.0,
533496,CA,1,1,1,1.0,
533510,DE,1,1,1,1.0,
533531,GB,1,1,1,1.0,
533573,DE,1,1,1,1.0,
533613,DE,1,1,1,1.0,
533706,GB,1,1,1,1.0,
533745,GB,1,1,1,1.0,
533746,DE,1,1,1,1.0,
533780,GB,1,1,1,1.0,
533788,DE,1,1,1,1.0,
533793,US,1,1,1,1.0,
533796,US,1,1,1,1.0,
533828,FR,1,1,1,1.0,
533841,DE,1,1,1,1.0,
533875,FR,1,1,1,1.0,
533881,DE,1,1,1,1.0,
534040,FR,1,1,1,1.0,
534063,US,1,1,1,1.0,
534075,FR,1,1,1,1.0,
534106,FR,1,1,1,1.0,
534140,FR,1,1,1,1.0,
534141,ES,1,1,1,1.0,
534147,GB,1,1,1,1.0,
534208,FR,1,1,1,1.0,
534229,US,1,1,1,1.0,
534250,GB,1,1,1,1.0,
534307,FR,1,1,1,1.0,
534328,FR,1,1,1,1.0,
534344,US,1,1,1,1.0,
534381,DE,1,1,1,1.0,
534502,CA,1,1,1,1.0,
534526,GB,1,1,1,1.0,
534566,GB,1,1,1,1.0,
534570,US,1,1,1,1.0,
534585,CA,1,1,1,1.0,
534635,US,1,1,1,1.0,
534637,US,1,1,1,1.0,
534647,GB,1,1,1,1.0,
534711,US,1,1,1,1.0,
534716,FR,1,1,1,1.0,
534753,CA,1,1,1,1.0,
534775,AU,1,1,1,1.0,
534800,US,1,1,1,1.0,
534846,GB,1,1,1,1.0,
534890,US,1,1,1,1.0,
534891,CA,1,1,1,1.0,
534904,DE,1,1,1,1.0,
534969,CA,1,1,1,1.0,
534995,FR,1,1,1,1.0,
535033,GB,1,1,1,1.0,
535048,FR,1,1,1,1.0,
535176,FR,1,1,1,1.0,
535197,CA,1,1,1,1.0,
535218,FR,1,1,1,1.0,
535253,CA,1,1,1,1.0,
535267,US,1,1,1,1.0,
535384,CA,1,1,1,1.0,
535392,GB,1,1,1,1.0,
535417,FR,1,1,1,1.0,
535455,GB,1,1,1,1.0,
535510,DE,1,1,1,1.0,
535537,FR,1,1,1,1.0,
535571,US,1,1,1,1.0,
535625,FR,1,1,1,1.0,
535652,CA,1,1,1,1.0,
535755,DE,1,1,1,1.0,
535845,FR,1,1,1,1.0,
535942,DE,1,1,1,1.0,
535951,US,1,1,1,1.0,
535970,DE,1,1,1,1.0,
535983,CA,1,1,1,1.0,
536040,US,1,1,1,1.0,
536120,RO,1,1,1,1.0,
536152,US,1,1,1,1.0,
536231,CA,1,1,1,1.0,
536242,GB,1,1,1,1.0,
536264,GB,1,1,1,1.0,
536271,FR,1,1,1,1.0,
536273,FR,1,1,1,1.0,
536342,US,1,1,1,1.0,
536346,FR,1,1,1,1.0,
536362,DE,1,1,1,1.0,
536376,GB,1,1,1,1.0,
536391,CA,1,1,1,1.0,
536412,CA,1,1,1,1.0,
536414,DE,1,1,1,1.0,
536457,US,1,1,1,1.0,
536487,FR,1,1,1,1.0,
536529,RO,1,1,1,1.0,
536543,CA,1,1,1,1.0,
536606,CA,1,1,1,1.0,
536712,IT,1,1,1,1.0,
536729,GB,1,1,1,1.0,
536876,FR,1,1,1,1.0,
536891,DE,1,1,1,1.0,
536908,CA,1,1,1,1.0,
536909,FR,1,1,1,1.0,
536924,AU,1,1,1,1.0,
536980,DE,1,1,1,1.0,
536988,CA,1,1,1,1.0,
537033,GB,1,1,1,1.0,
537080,GB,1,1,1,1.0,
537186,CA,1,1,1,1.0,
537212,CA,1,1,1,1.0,
537249,US,1,1,1,1.0,
537275,US,1,1,1,1.0,
537359,CA,1,1,1,1.0,
537452,FR,1,1,1,1.0,
537459,GB,1,1,1,1.0,
537462,CA,1,1,1,1.0,
537478,GB,1,1,1,1.0,
537481,CA,1,1,1,1.0,
537547,CA,1,1,1,1.0,
537572,GB,1,1,1,1.0,
537585,RO,1,1,1,1.0,
537604,FR,1,1,1,1.0,
537680,FR,1,1,1,1.0,
537712,DE,1,1,1,1.0,
537725,GB,1,1,1,1.0,
537731,FR,1,1,1,1.0,
537886,FR,1,1,1,1.0,
537906,FR,1,1,1,1.0,
537923,GB,1,1,1,1.0,
538030,FR,1,1,1,1.0,
538031,ES,1,1,1,1.0,
538058,GB,1,1,1,1.0,
538064,RO,1,1,1,1.0,
538092,DE,1,1,1,1.0,
538118,DE,1,1,1,1.0,
538119,GB,1,1,1,1.0,
538177,FR,1,1,1,1.0,
538277,US,1,1,1,1.0,
538362,CA,1,1,1,1.0,
538363,IT,1,1,1,1.0,
538370,US,1,1,1,1.0,
538407,FR,1,1,1,1.0,
538481,US,1,1,1,1.0,
538523,DE,1,1,1,1.0,
538533,GB,1,1,1,1.0,
538534,FR,1,1,1,1.0,
538601,CA,1,1,1,1.0,
538684,US,1,1,1,1.0,
538692,CA,1,1,1,1.0,
538720,GB,1,1,1,1.0,
538757,CA,1,1,1,1.0,
538793,RO,1,1,1,1.0,
538809,CA,1,1,1,1.0,
538881,CA,1,1,1,1.0,
538927,US,1,1,1,1.0,
539023,CA,1,1,1,1.0,
539172,CA,1,1,1,1.0,
539173,US,1,1,1,1.0,
539174,GB,1,1,1,1.0,
539212,GB,1,1,1,1.0,
539366,GB,1,1,1,1.0,
539388,DE,1,1,1,1.0,
539421,DE,1,1,1,1.0,
539422,DE,1,1,1,1.0,
539468,CA,1,1,1,1.0,
539469,GB,1,1,1,1.0,
539496,AU,1,1,1,1.0,
539559,FR,1,1,1,1.0,
539570,DE,1,1,1,1.0,
539641,FR,1,1,1,1.0,
539672,GB,1,1,1,1.0,
539715,US,1,1,1,1.0,
539758,US,1,1,1,1.0,
539779,DE,1,1,1,1.0,
539802,FR,1,1,1,1.0,
539821,DE,1,1,1,1.0,
539892,CA,1,1,1,1.0,
539930,CA,1,1,1,1.0,
539993,FR,1,1,1,1.0,
540045,CA,1,1,1,1.0,
540083,US,1,1,1,1.0,
540132,DE,1,1,1,1.0,
540171,GB,1,1,1,1.0,
540172,CA,1,1,1,1.0,
540210,FR,1,1,1,1.0,
540251,DE,1,1,1,1.0,
540256,US,1,1,1,1.0,
540266,FR,1,1,1,1.0,
540295,US,1,1,1,1.0,
540310,GB,1,1,1,1.0,
540336,CA,1,1,1,1.0,
540358,US,1,1,1,1.0,
540372,ES,1,1,1,1.0,
540449,FR,1,1,1,1.0,
540461,DE,1,1,1,1.0,
540476,GB,1,1,1,1.0,
540500,ES,1,1,1,1.0,
540517,GB,1,1,1,1.0,
540527,GB,1,1,1,1.0,
540627,US,1,1,1,1.0,
540642,CA,1,1,1,1.0,
540693,DE,1,1,1,1.0,
540702,GB,1,1,1,1.0,
540768,CA,1,1,1,1.0,
540774,GB,1,1,1,1.0,
540821,GB,1,1,1,1.0,
540901,FR,1,1,1,1.0,
540934,DE,1,1,1,1.0,
540951,US,1,1,1,1.0,
540958,CA,1,1,1,1.0,
540993,FR,1,1,1,1.0,
541069,CA,1,1,1,1.0,
541143,US,1,1,1,1.0,
541156,GB,1,1,1,1.0,
541189,FR,1,1,1,1.0,
541207,DE,1,1,1,1.0,
541210,CA,1,1,1,1.0,
541211,GB,1,1,1,1.0,
541246,FR,1,1,1,1.0,
541254,GB,1,1,1,1.0,
541265,CA,1,1,1,1.0,
541279,AU,1,1,1,1.0,
541280,US,1,1,1,1.0,
541285,GB,1,1,1,1.0,
541337,GB,1,1,1,1.0,
541366,US,1,1,1,1.0,
541408,US,1,1,1,1.0,
541525,CA,1,1,1,1.0,
541544,FR,1,1,1,1.0,
541659,CA,1,1,1,1.0,
541791,DE,1,1,1,1.0,
541803,DE,1,1,1,1.0,
541810,GB,1,1,1,1.0,
541812,FR,1,1,1,1.0,
541845,US,1,1,1,1.0,
541914,US,1,1,1,1.0,
541946,FR,1,1,1,1.0,
541956,FR,1,1,1,1.0,
541959,US,1,1,1,1.0,
541960,GB,1,1,1,1.0,
542078,US,1,1,1,1.0,
542232,DE,1,1,1,1.0,
542251,DE,1,1,1,1.0,
542266,CA,1,1,1,1.0,
542291,FR,1,1,1,1.0,
542310,GB,1,1,1,1.0,
542314,DE,1,1,1,1.0,
542318,DE,1,1,1,1.0,
542320,GB,1,1,1,1.0,
542370,US,1,1,1,1.0,
542403,ES,1,1,1,1.0,
542422,GB,1,1,1,1.0,
542448,GB,1,1,1,1.0,
542489,GB,1,1,1,1.0,
542498,US,1,1,1,1.0,
542593,IT,1,1,1,1.0,
542648,ES,1,1,1,1.0,
542656,DE,1,1,1,1.0,
542685,US,1,1,1,1.0,
542765,US,1,1,1,1.0,
542931,DE,1,1,1,1.0,
542954,GB,1,1,1,1.0,
543039,CA,1,1,1,1.0,
543053,US,1,1,1,1.0,
543112,FR,1,1,1,1.0,
543131,DE,1,1,1,1.0,
543141,GB,1,1,1,1.0,
543155,FR,1,1,1,1.0,
543159,CA,1,1,1,1.0,
543243,FR,1,1,1,1.0,
543290,CA,1,1,1,1.0,
543308,ES,1,1,1,1.0,
543325,FR,1,1,1,1.0,
543349,CA,1,1,1,1.0,
543378,DE,1,1,1,1.0,
543454,US,1,1,1,1.0,
543486,CA,1,1,1,1.0,
543527,DE,1,1,1,1.0,
543528,US,1,1,1,1.0,
543579,US,1,1,1,1.0,
543621,FR,1,1,1,1.0,
543650,CA,1,1,1,1.0,
543713,US,1,1,1,1.0,
543739,DE,1,1,1,1.0,
543754,FR,1,1,1,1.0,
543858,ES,1,1,1,1.0,
543872,US,1,1,1,1.0,
544065,US,1,1,1,1.0,
544088,DE,1,1,1,1.0,
544116,CA,1,1,1,1.0,
544117,US,1,1,1,1.0,
544175,FR,1,1,1,1.0,
544224,AU,1,1,1,1.0,
544276,DE,1,1,1,1.0,
544280,GB,1,1,1,1.0,
544318,FR,1,1,1,1.0,
544331,CA,1,1,1,1.0,
544336,US,1,1,1,1.0,
544338,DE,1,1,1,1.0,
544343,DE,1,1,1,1.0,
544446,FR,1,1,1,1.0,
544449,DE,1,1,1,1.0,
544515,ES,1,1,1,1.0,
544541,GB,1,1,1,1.0,
544571,DE,1,1,1,1.0,
544610,CA,1,1,1,1.0,
544614,DE,1,1,1,1.0,
544643,GB,1,1,1,1.0,
544710,ES,1,1,1,1.0,
544711,DE,1,1,1,1.0,
544742,GB,1,1,1,1.0,
544743,FR,1,1,1,1.0,
544756,CA,1,1,1,1.0,
544781,GB,1,1,1,1.0,
544922,DE,1,1,1,1.0,
544960,CA,1,1,1,1.0,
545047,US,1,1,1,1.0,
545124,US,1,1,1,1.0,
545131,DE,1,1,1,1.0,
545170,FR,1,1,1,1.0,
545188,FR,1,1,1,1.0,
545200,GB,1,1,1,1.0,
545208,FR,1,1,1,1.0,
545224,US,1,1,1,1.0,
545284,US,1,1,1,1.0,
545372,GB,1,1,1,1.0,
545504,CA,1,1,1,1.0,
545573,GB,1,1,1,1.0,
545726,GB,1,1,1,1.0,
545763,DE,1,1,1,1.0,
545765,US,1,1,1,1.0,
545796,GB,1,1,1,1.0,
545811,FR,1,1,1,1.0,
545826,US,1,1,1,1.0,
545862,US,1,1,1,1.0,
545866,US,1,1,1,1.0,
545933,DE,1,1,1,1.0,
545945,FR,1,1,1,1.0,
546027,GB,1,1,1,1.0,
546044,US,1,1,1,1.0,
546058,RO,1,1,1,1.0,
546074,US,1,1,1,1.0,
546161,CA,1,1,1,1.0,
546172,GB,1,1,1,1.0,
546217,IT,1,1,1,1.0,
546220,FR,1,1,1,1.0,
546229,CA,1,1,1,1.0,
546239,US,1,1,1,1.0,
546260,DE,1,1,1,1.0,
546279,CA,1,1,1,1.0,
546295,CA,1,1,1,1.0,
546319,GB,1,1,1,1.0,
546345,CA,1,1,1,1.0,
546356,FR,1,1,1,1.0,
546434,DE,1,1,1,1.0,
546477,DE,1,1,1,1.0,
546520,CA,1,1,1,1.0,
546565,US,1,1,1,1.0,
546566,GB,1,1,1,1.0,
546567,CA,1,1,1,1.0,
546574,DE,1,1,1,1.0,
546681,GB,1,1,1,1.0,
546713,CA,1,1,1,1.0,
546726,CA,1,1,1,1.0,
546741,ES,1,1,1,1.0,
546744,AU,1,1,1,1.0,
546820,FR,1,1,1,1.0,
546851,GB,1,1,1,1.0,
546861,CA,1,1,1,1.0,
546901,DE,1,1,1,1.0,
546938,US,1,1,1,1.0,
547197,DE,1,1,1,1.0,
547254,US,1,1,1,1.0,
547340,CA,1,1,1,1.0,
547393,GB,1,1,1,1.0,
547397,DE,1,1,1,1.0,
547404,FR,1,1,1,1.0,
547440,RO,1,1,1,1.0,
547478,FR,1,1,1,1.0,
547490,CA,1,1,1,1.0,
547658,GB,1,1,1,1.0,
547672,CA,1,1,1,1.0,
547714,DE,1,1,1,1.0,
547718,US,1,1,1,1.0,
547732,CA,1,1,1,1.0,
547790,GB,1,1,1,1.0,
547980,GB,1,1,1,1.0,
548029,CA,1,1,1,1.0,
548034,AU,1,1,1,1.0,
548037,GB,1,1,1,1.0,
548045,US,1,1,1,1.0,
548173,GB,1,1,1,1.0,
548202,DE,1,1,1,1.0,
548214,US,1,1,1,1.0,
548216,GB,1,1,1,1.0,
548221,FR,1,1,1,1.0,
548228,CA,1,1,1,1.0,
548250,FR,1,1,1,1.0,
548282,RO,1,1,1,1.0,
548294,DE,1,1,1,1.0,
548340,FR,1,1,1,1.0,
548406,FR,1,1,1,1.0,
548421,DE,1,1,1,1.0,
548437,IT,1,1,1,1.0,
548438,FR,1,1,1,1.0,
548455,FR,1,1,1,1.0,
548548,GB,1,1,1,1.0,
548550,ES,1,1,1,1.0,
548585,DE,1,1,1,1.0,
548614,FR,1,1,1,1.0,
548638,FR,1,1,1,1.0,
548640,GB,1,1,1,1.0,
548647,CA,1,1,1,1.0,
548745,CA,1,1,1,1.0,
548927,FR,1,1,1,1.0,
548940,FR,1,1,1,1.0,
548968,CA,1,1,1,1.0,
549051,US,1,1,1,1.0,
549083,CA,1,1,1,1.0,
549102,CA,1,1,1,1.0,
549105,CA,1,1,1,1.0,
549128,DE,1,1,1,1.0,
549167,AU,1,1,1,1.0,
549185,CA,1,1,1,1.0,
549191,GB,1,1,1,1.0,
549197,US,1,1,1,1.0,
549202,CA,1,1,1,1.0,
549213,FR,1,1,1,1.0,
549236,ES,1,1,1,1.0,
549237,GB,1,1,1,1.0,
549284,US,1,1,1,1.0,
549377,US,1,1,1,1.0,
549416,DE,1,1,1,1.0,
549431,FR,1,1,1,1.0,
549445,FR,1,1,1,1.0,
549447,RO,1,1,1,1.0,
549449,DE,1,1,1,1.0,
549563,US,1,1,1,1.0,
549587,DE,1,1,1,1.0,
549630,DE,1,1,1,1.0,
549668,US,1,1,1,1.0,
549685,US,1,1,1,1.0,
549698,CA,1,1,1,1.0,
549717,US,1,1,1,1.0,
549755,GB,1,1,1,1.0,
549793,GB,1,1,1,1.0,
549796,US,1,1,1,1.0,
549802,US,1,1,1,1.0,
549808,DE,1,1,1,1.0,
549879,DE,1,1,1,1.0,
549893,US,1,1,1,1.0,
549898,DE,1,1,1,1.0,
550140,CA,1,1,1,1.0,
550165,FR,1,1,1,1.0,
550185,GB,1,1,1,1.0,
550196,US,1,1,1,1.0,
550275,GB,1,1,1,1.0,
550280,US,1,1,1,1.0,
550332,CA,1,1,1,1.0,
550361,US,1,1,1,1.0,
550376,DE,1,1,1,1.0,
550412,DE,1,1,1,1.0,
550478,CA,1,1,1,1.0,
550520,US,1,1,1,1.0,
550532,DE,1,1,1,1.0,
550613,GB,1,1,1,1.0,
550622,DE,1,1,1,1.0,
550837,DE,1,1,1,1.0,
550840,DE,1,1,1,1.0,
550861,CA,1,1,1,1.0,
550913,DE,1,1,1,1.0,
550915,CA,1,1,1,1.0,
550959,US,1,1,1,1.0,
550975,DE,1,1,1,1.0,
550989,US,1,1,1,1.0,
550993,GB,1,1,1,1.0,
551008,US,1,1,1,1.0,
551019,US,1,1,1,1.0,
551030,DE,1,1,1,1.0,
551043,GB,1,1,1,1.0,
551080,FR,1,1,1,1.0,
551163,CA,1,1,1,1.0,
551223,CA,1,1,1,1.0,
551298,CA,1,1,1,1.0,
551311,CA,1,1,1,1.0,
551389,DE,1,1,1,1.0,
551412,US,1,1,1,1.0,
551484,GB,1,1,1,1.0,
551543,DE,1,1,1,1.0,
551549,FR,1,1,1,1.0,
551582,RO,1,1,1,1.0,
551586,US,1,1,1,1.0,
551589,FR,1,1,1,1.0,
551590,AU,1,1,1,1.0,
551633,CA,1,1,1,1.0,
551636,CA,1,1,1,1.0,
551657,CA,1,1,1,1.0,
551770,IT,1,1,1,1.0,
551830,DE,1,1,1,1.0,
551873,FR,1,1,1,1.0,
551880,CA,1,1,1,1.0,
551942,FR,1,1,1,1.0,
551985,US,1,1,1,1.0,
551999,DE,1,1,1,1.0,
552004,FR,1,1,1,1.0,
552010,FR,1,1,1,1.0,
552027,GB,1,1,1,1.0,
552059,US,1,1,1,1.0,
552109,US,1,1,1,1.0,
552131,US,1,1,1,1.0,
552133,GB,1,1,1,1.0,
552254,FR,1,1,1,1.0,
552466,CA,1,1,1,1.0,
552467,US,1,1,1,1.0,
552541,GB,1,1,1,1.0,
552546,CA,1,1,1,1.0,
552568,US,1,1,1,1.0,
552591,IT,1,1,1,1.0,
552602,CA,1,1,1,1.0,
552658,GB,1,1,1,1.0,
552684,FR,1,1,1,1.0,
552711,DE,1,1,1,1.0,
552742,GB,1,1,1,1.0,
552769,ES,1,1,1,1.0,
552792,IT,1,1,1,1.0,
552869,GB,1,1,1,1.0,
552877,GB,1,1,1,1.0,
552889,FR,1,1,1,1.0,
552892,CA,1,1,1,1.0,
552956,CA,1,1,1,1.0,
552967,IT,1,1,1,1.0,
553004,US,1,1,1,1.0,
553024,DE,1,1,1,1.0,
553057,GB,1,1,1,1.0,
553119,FR,1,1,1,1.0,
553153,DE,1,1,1,1.0,
553156,FR,1,1,1,1.0,
553163,GB,1,1,1,1.0,
553192,CA,1,1,1,1.0,
553237,US,1,1,1,1.0,
553336,DE,1,1,1,1.0,
553350,FR,1,1,1,1.0,
553351,DE,1,1,1,1.0,
553363,ES,1,1,1,1.0,
553373,GB,1,1,1,1.0,
553402,DE,1,1,1,1.0,
553505,FR,1,1,1,1.0,
553554,DE,1,1,1,1.0,
553654,GB,1,1,1,1.0,
553692,GB,1,1,1,1.0,
553707,ES,1,1,1,1.0,
553714,GB,1,1,1,1.0,
553736,US,1,1,1,1.0,
553758,FR,1,1,1,1.0,
553764,GB,1,1,1,1.0,
553826,GB,1,1,1,1.0,
553827,GB,1,1,1,1.0,
553894,RO,1,1,1,1.0,
553921,CA,1,1,1,1.0,
554035,GB,1,1,1,1.0,
554054,FR,1,1,1,1.0,
554078,CA,1,1,1,1.0,
554142,FR,1,1,1,1.0,
554154,FR,1,1,1,1.0,
554177,CA,1,1,1,1.0,
554211,FR,1,1,1,1.0,
554272,GB,1,1,1,1.0,
554285,DE,1,1,1,1.0,
554309,ES,1,1,1,1.0,
554319,AU,1,1,1,1.0,
554338,CA,1,1,1,1.0,
554365,US,1,1,1,1.0,
554413,GB,1,1,1,1.0,
554455,GB,1,1,1,1.0,
554487,IT,1,1,1,1.0,
554519,US,1,1,1,1.0,
554526,RO,1,1,1,1.0,
554530,US,1,1,1,1.0,
554559,CA,1,1,1,1.0,
554571,FR,1,1,1,1.0,
554583,US,1,1,1,1.0,
554637,GB,1,1,1,1.0,
554725,CA,1,1,1,1.0,
554729,GB,1,1,1,1.0,
554735,CA,1,1,1,1.0,
554765,DE,1,1,1,1.0,
554782,CA,1,1,1,1.0,
554792,US,1,1,1,1.0,
554804,GB,1,1,1,1.0,
554832,US,1,1,1,1.0,
554843,GB,1,1,1,1.0,
554924,FR,1,1,1,1.0,
554940,RO,1,1,1,1.0,
554948,US,1,1,1,1.0,
554980,DE,1,1,1,1.0,
555033,DE,1,1,1,1.0,
555053,FR,1,1,1,1.0,
555055,FR,1,1,1,1.0,
555079,GB,1,1,1,1.0,
555085,FR,1,1,1,1.0,
555093,DE,1,1,1,1.0,
555116,US,1,1,1,1.0,
555136,AU,1,1,1,1.0,
555195,US,1,1,1,1.0,
555234,US,1,1,1,1.0,
555243,CA,1,1,1,1.0,
555341,CA,1,1,1,1.0,
555351,IT,1,1,1,1.0,
555389,DE,1,1,1,1.0,
555402,DE,1,1,1,1.0,
555420,FR,1,1,1,1.0,
555447,ES,1,1,1,1.0,
555466,DE,1,1,1,1.0,
555488,RO,1,1,1,1.0,
555500,DE,1,1,1,1.0,
555564,FR,1,1,1,1.0,
555696,DE,1,1,1,1.0,
555741,DE,1,1,1,1.0,
555758,DE,1,1,1,1.0,
555779,GB,1,1,1,1.0,
555907,FR,1,1,1,1.0,
555932,DE,1,1,1,1.0,
555993,AU,1,1,1,1.0,
556013,FR,1,1,1,1.0,
556139,CA,1,1,1,1.0,
556164,FR,1,1,1,1.0,
556323,GB,1,1,1,1.0,
556340,FR,1,1,1,1.0,
556401,GB,1,1,1,1.0,
556402,DE,1,1,1,1.0,
556422,CA,1,1,1,1.0,
556466,GB,1,1,1,1.0,
556485,CA,1,1,1,1.0,
556535,US,1,1,1,1.0,
556571,CA,1,1,1,1.0,
556593,FR,1,1,1,1.0,
556597,DE,1,1,1,1.0,
556760,CA,1,1,1,1.0,
556773,DE,1,1,1,1.0,
556776,US,1,1,1,1.0,
556786,GB,1,1,1,1.0,
556787,FR,1,1,1,1.0,
556813,DE,1,1,1,1.0,
556857,CA,1,1,1,1.0,
556859,US,1,1,1,1.0,
556902,CA,1,1,1,1.0,
556949,US,1,1,1,1.0,
557051,ES,1,1,1,1.0,
557071,FR,1,1,1,1.0,
557093,DE,1,1,1,1.0,
557121,RO,1,1,1,1.0,
557138,FR,1,1,1,1.0,
557146,DE,1,1,1,1.0,
557188,FR,1,1,1,1.0,
557198,DE,1,1,1,1.0,
557228,CA,1,1,1,1.0,
557243,FR,1,1,1,1.0,
557265,GB,1,1,1,1.0,
557361,FR,1,1,1,1.0,
557365,US,1,1,1,1.0,
557493,DE,1,1,1,1.0,
557517,FR,1,1,1,1.0,
557595,CA,1,1,1,1.0,
557618,US,1,1,1,1.0,
557623,DE,1,1,1,1.0,
557702,ES,1,1,1,1.0,
557716,ES,1,1,1,1.0,
557729,FR,1,1,1,1.0,
557738,CA,1,1,1,1.0,
557787,FR,1,1,1,1.0,
557830,FR,1,1,1,1.0,
557832,GB,1,1,1,1.0,
557886,FR,1,1,1,1.0,
557959,FR,1,1,1,1.0,
558035,GB,1,1,1,1.0,
558040,FR,1,1,1,1.0,
558067,DE,1,1,1,1.0,
558124,DE,1,1,1,1.0,
558140,GB,1,1,1,1.0,
558204,CA,1,1,1,1.0,
558241,DE,1,1,1,1.0,
558353,DE,1,1,1,1.0,
558373,FR,1,1,1,1.0,
558426,DE,1,1,1,1.0,
558432,DE,1,1,1,1.0,
558442,DE,1,1,1,1.0,
558496,GB,1,1,1,1.0,
558500,DE,1,1,1,1.0,
558503,IT,1,1,1,1.0,
558581,DE,1,1,1,1.0,
558625,FR,1,1,1,1.0,
558629,CA,1,1,1,1.0,
558681,CA,1,1,1,1.0,
558720,DE,1,1,1,1.0,
558740,CA,1,1,1,1.0,
558783,US,1,1,1,1.0,
558830,CA,1,1,1,1.0,
558831,CA,1,1,1,1.0,
558833,CA,1,1,1,1.0,
558855,FR,1,1,1,1.0,
558900,DE,1,1,1,1.0,
558957,US,1,1,1,1.0,
559023,DE,1,1,1,1.0,
559039,GB,1,1,1,1.0,
559051,FR,1,1,1,1.0,
559118,RO,1,1,1,1.0,
559141,CA,1,1,1,1.0,
559148,FR,1,1,1,1.0,
559165,GB,1,1,1,1.0,
559191,CA,1,1,1,1.0,
559208,DE,1,1,1,1.0,
559230,GB,1,1,1,1.0,
559246,CA,1,1,1,1.0,
559252,FR,1,1,1,1.0,
559281,US,1,1,1,1.0,
559319,GB,1,1,1,1.0,
559382,FR,1,1,1,1.0,
559397,US,1,1,1,1.0,
559400,DE,1,1,1,1.0,
559497,GB,1,1,1,1.0,
559504,US,1,1,1,1.0,
559521,GB,1,1,1,1.0,
559559,CA,1,1,1,1.0,
559627,CA,1,1,1,1.0,
559649,FR,1,1,1,1.0,
559653,GB,1,1,1,1.0,
559701,CA,1,1,1,1.0,
559726,CA,1,1,1,1.0,
559728,GB,1,1,1,1.0,
559740,US,1,1,1,1.0,
559769,CA,1,1,1,1.0,
559797,GB,1,1,1,1.0,
559831,CA,1,1,1,1.0,
559905,US,1,1,1,1.0,
559919,GB,1,1,1,1.0,
559932,FR,1,1,1,1.0,
559945,GB,1,1,1,1.0,
559948,FR,1,1,1,1.0,
559966,CA,1,1,1,1.0,
554056,FR,1,2,3,0.5,
512888,DE,1,2,2,0.5,
520939,ES,1,2,2,0.5,
525152,DE,1,2,2,0.5,
527931,CA,1,2,2,0.5,
531018,DE,1,2,2,0.5,
531517,US,1,2,2,0.5,
540213,GB,1,2,2,0.5,
543117,CA,1,2,2,0.5,
544230,FR,1,2,2,0.5,
547201,GB,1,2,2,0.5,
554569,GB,1,2,2,0.5,
555039,ES,1,2,2,0.5,
557564,RO,1,2,2,0.5,
529254,,0,0,2,0.0,no non-cross-border evidence
556165,,0,0,2,0.0,no non-cross-border evidence
510035,,0,0,1,0.0,no non-cross-border evidence
510040,,0,0,1,0.0,no non-cross-border evidence
510136,,0,0,1,0.0,no non-cross-border evidence
510216,,0,0,1,0.0,no non-cross-border evidence
510292,,0,0,1,0.0,no non-cross-border evidence
510427,,0,0,1,0.0,no non-cross-border evidence
510457,,0,0,1,0.0,no non-cross-border evidence
510526,,0,0,1,0.0,no non-cross-border evidence
510591,,0,0,1,0.0,no non-cross-border evidence
510660,,0,0,1,0.0,no non-cross-border evidence
510748,,0,0,1,0.0,no non-cross-border evidence
510757,,0,0,1,0.0,no non-cross-border evidence
511035,,0,0,1,0.0,no non-cross-border evidence
511253,,0,0,1,0.0,no non-cross-border evidence
511262,,0,0,1,0.0,no non-cross-border evidence
511289,,0,0,1,0.0,no non-cross-border evidence
511292,,0,0,1,0.0,no non-cross-border evidence
511413,,0,0,1,0.0,no non-cross-border evidence
511812,,0,0,1,0.0,no non-cross-border evidence
511816,,0,0,1,0.0,no non-cross-border evidence
511828,,0,0,1,0.0,no non-cross-border evidence
511848,,0,0,1,0.0,no non-cross-border evidence
511958,,0,0,1,0.0,no non-cross-border evidence
512027,,0,0,1,0.0,no non-cross-border evidence
512473,,0,0,1,0.0,no non-cross-border evidence
512486,,0,0,1,0.0,no non-cross-border evidence
512590,,0,0,1,0.0,no non-cross-border evidence
512730,,0,0,1,0.0,no non-cross-border evidence
512844,,0,0,1,0.0,no non-cross-border evidence
513376,,0,0,1,0.0,no non-cross-border evidence
513378,,0,0,1,0.0,no non-cross-border evidence
513524,,0,0,1,0.0,no non-cross-border evidence
513638,,0,0,1,0.0,no non-cross-border evidence
513647,,0,0,1,0.0,no non-cross-border evidence
513648,,0,0,1,0.0,no non-cross-border evidence
513862,,0,0,1,0.0,no non-cross-border evidence
513867,,0,0,1,0.0,no non-cross-border evidence
513914,,0,0,1,0.0,no non-cross-border evidence
514025,,0,0,1,0.0,no non-cross-border evidence
514062,,0,0,1,0.0,no non-cross-border evidence
514079,,0,0,1,0.0,no non-cross-border evidence
514156,,0,0,1,0.0,no non-cross-border evidence
514157,,0,0,1,0.0,no non-cross-border evidence
514375,,0,0,1,0.0,no non-cross-border evidence
514618,,0,0,1,0.0,no non-cross-border evidence
514673,,0,0,1,0.0,no non-cross-border evidence
514687,,0,0,1,0.0,no non-cross-border evidence
514725,,0,0,1,0.0,no non-cross-border evidence
514728,,0,0,1,0.0,no non-cross-border evidence
514868,,0,0,1,0.0,no non-cross-border evidence
514940,,0,0,1,0.0,no non-cross-border evidence
514977,,0,0,1,0.0,no non-cross-border evidence
514987,,0,0,1,0.0,no non-cross-border evidence
515116,,0,0,1,0.0,no non-cross-border evidence
515207,,0,0,1,0.0,no non-cross-border evidence
515302,,0,0,1,0.0,no non-cross-border evidence
515435,,0,0,1,0.0,no non-cross-border evidence
515458,,0,0,1,0.0,no non-cross-border evidence
515461,,0,0,1,0.0,no non-cross-border evidence
515498,,0,0,1,0.0,no non-cross-border evidence
515636,,0,0,1,0.0,no non-cross-border evidence
516006,,0,0,1,0.0,no non-cross-border evidence
516150,,0,0,1,0.0,no non-cross-border evidence
516166,,0,0,1,0.0,no non-cross-border evidence
516200,,0,0,1,0.0,no non-cross-border evidence
516203,,0,0,1,0.0,no non-cross-border evidence
516392,,0,0,1,0.0,no non-cross-border evidence
516475,,0,0,1,0.0,no non-cross-border evidence
516499,,0,0,1,0.0,no non-cross-border evidence
516533,,0,0,1,0.0,no non-cross-border evidence
516679,,0,0,1,0.0,no non-cross-border evidence
516693,,0,0,1,0.0,no non-cross-border evidence
516740,,0,0,1,0.0,no non-cross-border evidence
516893,,0,0,1,0.0,no non-cross-border evidence
517080,,0,0,1,0.0,no non-cross-border evidence
517202,,0,0,1,0.0,no non-cross-border evidence
517265,,0,0,1,0.0,no non-cross-border evidence
517362,,0,0,1,0.0,no non-cross-border evidence
517481,,0,0,1,0.0,no non-cross-border evidence
517515,,0,0,1,0.0,no non-cross-border evidence
517597,,0,0,1,0.0,no non-cross-border evidence
517717,,0,0,1,0.0,no non-cross-border evidence
517905,,0,0,1,0.0,no non-cross-border evidence
517931,,0,0,1,0.0,no non-cross-border evidence
517951,,0,0,1,0.0,no non-cross-border evidence
518002,,0,0,1,0.0,no non-cross-border evidence
518176,,0,0,1,0.0,no non-cross-border evidence
518263,,0,0,1,0.0,no non-cross-border evidence
518281,,0,0,1,0.0,no non-cross-border evidence
518776,,0,0,1,0.0,no non-cross-border evidence
518778,,0,0,1,0.0,no non-cross-border evidence
518851,,0,0,1,0.0,no non-cross-border evidence
518897,,0,0,1,0.0,no non-cross-border evidence
519047,,0,0,1,0.0,no non-cross-border evidence
519081,,0,0,1,0.0,no non-cross-border evidence
519180,,0,0,1,0.0,no non-cross-border evidence
519313,,0,0,1,0.0,no non-cross-border evidence
519385,,0,0,1,0.0,no non-cross-border evidence
519482,,0,0,1,0.0,no non-cross-border evidence
519497,,0,0,1,0.0,no non-cross-border evidence
519723,,0,0,1,0.0,no non-cross-border evidence
519764,,0,0,1,0.0,no non-cross-border evidence
519806,,0,0,1,0.0,no non-cross-border evidence
519945,,0,0,1,0.0,no non-cross-border evidence
520075,,0,0,1,0.0,no non-cross-border evidence
520237,,0,0,1,0.0,no non-cross-border evidence
520263,,0,0,1,0.0,no non-cross-border evidence
520322,,0,0,1,0.0,no non-cross-border evidence
520343,,0,0,1,0.0,no non-cross-border evidence
520355,,0,0,1,0.0,no non-cross-border evidence
520405,,0,0,1,0.0,no non-cross-border evidence
520454,,0,0,1,0.0,no non-cross-border evidence
520556,,0,0,1,0.0,no non-cross-border evidence
520625,,0,0,1,0.0,no non-cross-border evidence
520877,,0,0,1,0.0,no non-cross-border evidence
520997,,0,0,1,0.0,no non-cross-border evidence
521084,,0,0,1,0.0,no non-cross-border evidence
521174,,0,0,1,0.0,no non-cross-border evidence
521202,,0,0,1,0.0,no non-cross-border evidence
521218,,0,0,1,0.0,no non-cross-border evidence
521321,,0,0,1,0.0,no non-cross-border evidence
521327,,0,0,1,0.0,no non-cross-border evidence
521376,,0,0,1,0.0,no non-cross-border evidence
521670,,0,0,1,0.0,no non-cross-border evidence
521753,,0,0,1,0.0,no non-cross-border evidence
521789,,0,0,1,0.0,no non-cross-border evidence
521883,,0,0,1,0.0,no non-cross-border evidence
521979,,0,0,1,0.0,no non-cross-border evidence
521989,,0,0,1,0.0,no non-cross-border evidence
522007,,0,0,1,0.0,no non-cross-border evidence
522074,,0,0,1,0.0,no non-cross-border evidence
522096,,0,0,1,0.0,no non-cross-border evidence
522115,,0,0,1,0.0,no non-cross-border evidence
522131,,0,0,1,0.0,no non-cross-border evidence
522135,,0,0,1,0.0,no non-cross-border evidence
522255,,0,0,1,0.0,no non-cross-border evidence
522268,,0,0,1,0.0,no non-cross-border evidence
522378,,0,0,1,0.0,no non-cross-border evidence
522425,,0,0,1,0.0,no non-cross-border evidence
522623,,0,0,1,0.0,no non-cross-border evidence
522647,,0,0,1,0.0,no non-cross-border evidence
522658,,0,0,1,0.0,no non-cross-border evidence
522746,,0,0,1,0.0,no non-cross-border evidence
522782,,0,0,1,0.0,no non-cross-border evidence
522838,,0,0,1,0.0,no non-cross-border evidence
522872,,0,0,1,0.0,no non-cross-border evidence
522890,,0,0,1,0.0,no non-cross-border evidence
522960,,0,0,1,0.0,no non-cross-border evidence
522987,,0,0,1,0.0,no non-cross-border evidence
523023,,0,0,1,0.0,no non-cross-border evidence
523136,,0,0,1,0.0,no non-cross-border evidence
523213,,0,0,1,0.0,no non-cross-border evidence
523348,,0,0,1,0.0,no non-cross-border evidence
523349,,0,0,1,0.0,no non-cross-border evidence
523400,,0,0,1,0.0,no non-cross-border evidence
523447,,0,0,1,0.0,no non-cross-border evidence
523457,,0,0,1,0.0,no non-cross-border evidence
523532,,0,0,1,0.0,no non-cross-border evidence
523581,,0,0,1,0.0,no non-cross-border evidence
523640,,0,0,1,0.0,no non-cross-border evidence
523653,,0,0,1,0.0,no non-cross-border evidence
523706,,0,0,1,0.0,no non-cross-border evidence
523790,,0,0,1,0.0,no non-cross-border evidence
523870,,0,0,1,0.0,no non-cross-border evidence
523879,,0,0,1,0.0,no non-cross-border evidence
523999,,0,0,1,0.0,no non-cross-border evidence
524069,,0,0,1,0.0,no non-cross-border evidence
524128,,0,0,1,0.0,no non-cross-border evidence
524189,,0,0,1,0.0,no non-cross-border evidence
524420,,0,0,1,0.0,no non-cross-border evidence
524537,,0,0,1,0.0,no non-cross-border evidence
524860,,0,0,1,0.0,no non-cross-border evidence
524926,,0,0,1,0.0,no non-cross-border evidence
525241,,0,0,1,0.0,no non-cross-border evidence
525319,,0,0,1,0.0,no non-cross-border evidence
525512,,0,0,1,0.0,no non-cross-border evidence
525629,,0,0,1,0.0,no non-cross-border evidence
525652,,0,0,1,0.0,no non-cross-border evidence
525715,,0,0,1,0.0,no non-cross-border evidence
525717,,0,0,1,0.0,no non-cross-border evidence
525728,,0,0,1,0.0,no non-cross-border evidence
525784,,0,0,1,0.0,no non-cross-border evidence
525811,,0,0,1,0.0,no non-cross-border evidence
525826,,0,0,1,0.0,no non-cross-border evidence
525926,,0,0,1,0.0,no non-cross-border evidence
526377,,0,0,1,0.0,no non-cross-border evidence
526544,,0,0,1,0.0,no non-cross-border evidence
526564,,0,0,1,0.0,no non-cross-border evidence
526638,,0,0,1,0.0,no non-cross-border evidence
526674,,0,0,1,0.0,no non-cross-border evidence
526677,,0,0,1,0.0,no non-cross-border evidence
526685,,0,0,1,0.0,no non-cross-border evidence
526902,,0,0,1,0.0,no non-cross-border evidence
526975,,0,0,1,0.0,no non-cross-border evidence
527005,,0,0,1,0.0,no non-cross-border evidence
527472,,0,0,1,0.0,no non-cross-border evidence
527604,,0,0,1,0.0,no non-cross-border evidence
527672,,0,0,1,0.0,no non-cross-border evidence
527783,,0,0,1,0.0,no non-cross-border evidence
527834,,0,0,1,0.0,no non-cross-border evidence
527835,,0,0,1,0.0,no non-cross-border evidence
527884,,0,0,1,0.0,no non-cross-border evidence
527933,,0,0,1,0.0,no non-cross-border evidence
528087,,0,0,1,0.0,no non-cross-border evidence
528310,,0,0,1,0.0,no non-cross-border evidence
528419,,0,0,1,0.0,no non-cross-border evidence
528539,,0,0,1,0.0,no non-cross-border evidence
528585,,0,0,1,0.0,no non-cross-border evidence
528705,,0,0,1,0.0,no non-cross-border evidence
528725,,0,0,1,0.0,no non-cross-border evidence
528894,,0,0,1,0.0,no non-cross-border evidence
529080,,0,0,1,0.0,no non-cross-border evidence
529110,,0,0,1,0.0,no non-cross-border evidence
529140,,0,0,1,0.0,no non-cross-border evidence
529318,,0,0,1,0.0,no non-cross-border evidence
529335,,0,0,1,0.0,no non-cross-border evidence
529374,,0,0,1,0.0,no non-cross-border evidence
529416,,0,0,1,0.0,no non-cross-border evidence
529505,,0,0,1,0.0,no non-cross-border evidence
529512,,0,0,1,0.0,no non-cross-border evidence
529555,,0,0,1,0.0,no non-cross-border evidence
529675,,0,0,1,0.0,no non-cross-border evidence
529715,,0,0,1,0.0,no non-cross-border evidence
529832,,0,0,1,0.0,no non-cross-border evidence
529833,,0,0,1,0.0,no non-cross-border evidence
530332,,0,0,1,0.0,no non-cross-border evidence
530378,,0,0,1,0.0,no non-cross-border evidence
530393,,0,0,1,0.0,no non-cross-border evidence
530400,,0,0,1,0.0,no non-cross-border evidence
530597,,0,0,1,0.0,no non-cross-border evidence
530654,,0,0,1,0.0,no non-cross-border evidence
530672,,0,0,1,0.0,no non-cross-border evidence
530686,,0,0,1,0.0,no non-cross-border evidence
530826,,0,0,1,0.0,no non-cross-border evidence
530918,,0,0,1,0.0,no non-cross-border evidence
530972,,0,0,1,0.0,no non-cross-border evidence
531070,,0,0,1,0.0,no non-cross-border evidence
531071,,0,0,1,0.0,no non-cross-border evidence
531098,,0,0,1,0.0,no non-cross-border evidence
531206,,0,0,1,0.0,no non-cross-border evidence
531276,,0,0,1,0.0,no non-cross-border evidence
531309,,0,0,1,0.0,no non-cross-border evidence
531344,,0,0,1,0.0,no non-cross-border evidence
531382,,0,0,1,0.0,no non-cross-border evidence
531401,,0,0,1,0.0,no non-cross-border evidence
531446,,0,0,1,0.0,no non-cross-border evidence
531449,,0,0,1,0.0,no non-cross-border evidence
531534,,0,0,1,0.0,no non-cross-border evidence
531602,,0,0,1,0.0,no non-cross-border evidence
531691,,0,0,1,0.0,no non-cross-border evidence
531738,,0,0,1,0.0,no non-cross-border evidence
531936,,0,0,1,0.0,no non-cross-border evidence
531960,,0,0,1,0.0,no non-cross-border evidence
531963,,0,0,1,0.0,no non-cross-border evidence
532036,,0,0,1,0.0,no non-cross-border evidence
532099,,0,0,1,0.0,no non-cross-border evidence
532193,,0,0,1,0.0,no non-cross-border evidence
532273,,0,0,1,0.0,no non-cross-border evidence
532300,,0,0,1,0.0,no non-cross-border evidence
532304,,0,0,1,0.0,no non-cross-border evidence
532355,,0,0,1,0.0,no non-cross-border evidence
532429,,0,0,1,0.0,no non-cross-border evidence
532464,,0,0,1,0.0,no non-cross-border evidence
532647,,0,0,1,0.0,no non-cross-border evidence
532666,,0,0,1,0.0,no non-cross-border evidence
532741,,0,0,1,0.0,no non-cross-border evidence
532779,,0,0,1,0.0,no non-cross-border evidence
532836,,0,0,1,0.0,no non-cross-border evidence
532982,,0,0,1,0.0,no non-cross-border evidence
532993,,0,0,1,0.0,no non-cross-border evidence
533052,,0,0,1,0.0,no non-cross-border evidence
533073,,0,0,1,0.0,no non-cross-border evidence
533111,,0,0,1,0.0,no non-cross-border evidence
533211,,0,0,1,0.0,no non-cross-border evidence
533276,,0,0,1,0.0,no non-cross-border evidence
533342,,0,0,1,0.0,no non-cross-border evidence
533394,,0,0,1,0.0,no non-cross-border evidence
533397,,0,0,1,0.0,no non-cross-border evidence
533457,,0,0,1,0.0,no non-cross-border evidence
533732,,0,0,1,0.0,no non-cross-border evidence
533742,,0,0,1,0.0,no non-cross-border evidence
533752,,0,0,1,0.0,no non-cross-border evidence
533761,,0,0,1,0.0,no non-cross-border evidence
533852,,0,0,1,0.0,no non-cross-border evidence
533889,,0,0,1,0.0,no non-cross-border evidence
533974,,0,0,1,0.0,no non-cross-border evidence
534044,,0,0,1,0.0,no non-cross-border evidence
534053,,0,0,1,0.0,no non-cross-border evidence
534128,,0,0,1,0.0,no non-cross-border evidence
534194,,0,0,1,0.0,no non-cross-border evidence
534707,,0,0,1,0.0,no non-cross-border evidence
534719,,0,0,1,0.0,no non-cross-border evidence
534735,,0,0,1,0.0,no non-cross-border evidence
534779,,0,0,1,0.0,no non-cross-border evidence
534842,,0,0,1,0.0,no non-cross-border evidence
535002,,0,0,1,0.0,no non-cross-border evidence
535177,,0,0,1,0.0,no non-cross-border evidence
535191,,0,0,1,0.0,no non-cross-border evidence
535303,,0,0,1,0.0,no non-cross-border evidence
535444,,0,0,1,0.0,no non-cross-border evidence
535579,,0,0,1,0.0,no non-cross-border evidence
535633,,0,0,1,0.0,no non-cross-border evidence
535744,,0,0,1,0.0,no non-cross-border evidence
535818,,0,0,1,0.0,no non-cross-border evidence
535936,,0,0,1,0.0,no non-cross-border evidence
536080,,0,0,1,0.0,no non-cross-border evidence
536121,,0,0,1,0.0,no non-cross-border evidence
536149,,0,0,1,0.0,no non-cross-border evidence
536283,,0,0,1,0.0,no non-cross-border evidence
536306,,0,0,1,0.0,no non-cross-border evidence
536314,,0,0,1,0.0,no non-cross-border evidence
536387,,0,0,1,0.0,no non-cross-border evidence
536428,,0,0,1,0.0,no non-cross-border evidence
536477,,0,0,1,0.0,no non-cross-border evidence
536547,,0,0,1,0.0,no non-cross-border evidence
536680,,0,0,1,0.0,no non-cross-border evidence
536688,,0,0,1,0.0,no non-cross-border evidence
536738,,0,0,1,0.0,no non-cross-border evidence
536836,,0,0,1,0.0,no non-cross-border evidence
537007,,0,0,1,0.0,no non-cross-border evidence
537238,,0,0,1,0.0,no non-cross-border evidence
537257,,0,0,1,0.0,no non-cross-border evidence
537331,,0,0,1,0.0,no non-cross-border evidence
537615,,0,0,1,0.0,no non-cross-border evidence
537813,,0,0,1,0.0,no non-cross-border evidence
537973,,0,0,1,0.0,no non-cross-border evidence
538039,,0,0,1,0.0,no non-cross-border evidence
538168,,0,0,1,0.0,no non-cross-border evidence
538238,,0,0,1,0.0,no non-cross-border evidence
538364,,0,0,1,0.0,no non-cross-border evidence
538414,,0,0,1,0.0,no non-cross-border evidence
538607,,0,0,1,0.0,no non-cross-border evidence
538732,,0,0,1,0.0,no non-cross-border evidence
538980,,0,0,1,0.0,no non-cross-border evidence
539238,,0,0,1,0.0,no non-cross-border evidence
539282,,0,0,1,0.0,no non-cross-border evidence
539395,,0,0,1,0.0,no non-cross-border evidence
539453,,0,0,1,0.0,no non-cross-border evidence
539541,,0,0,1,0.0,no non-cross-border evidence
539564,,0,0,1,0.0,no non-cross-border evidence
539595,,0,0,1,0.0,no non-cross-border evidence
539643,,0,0,1,0.0,no non-cross-border evidence
539726,,0,0,1,0.0,no non-cross-border evidence
540000,,0,0,1,0.0,no non-cross-border evidence
540015,,0,0,1,0.0,no non-cross-border evidence
540134,,0,0,1,0.0,no non-cross-border evidence
540200,,0,0,1,0.0,no non-cross-border evidence
540408,,0,0,1,0.0,no non-cross-border evidence
540556,,0,0,1,0.0,no non-cross-border evidence
540588,,0,0,1,0.0,no non-cross-border evidence
540682,,0,0,1,0.0,no non-cross-border evidence
540915,,0,0,1,0.0,no non-cross-border evidence
541012,,0,0,1,0.0,no non-cross-border evidence
541081,,0,0,1,0.0,no non-cross-border evidence
541084,,0,0,1,0.0,no non-cross-border evidence
541253,,0,0,1,0.0,no non-cross-border evidence
541272,,0,0,1,0.0,no non-cross-border evidence
541415,,0,0,1,0.0,no non-cross-border evidence
541488,,0,0,1,0.0,no non-cross-border evidence
541498,,0,0,1,0.0,no non-cross-border evidence
541499,,0,0,1,0.0,no non-cross-border evidence
541694,,0,0,1,0.0,no non-cross-border evidence
541711,,0,0,1,0.0,no non-cross-border evidence
541738,,0,0,1,0.0,no non-cross-border evidence
541797,,0,0,1,0.0,no non-cross-border evidence
541877,,0,0,1,0.0,no non-cross-border evidence
541910,,0,0,1,0.0,no non-cross-border evidence
541918,,0,0,1,0.0,no non-cross-border evidence
541971,,0,0,1,0.0,no non-cross-border evidence
542159,,0,0,1,0.0,no non-cross-border evidence
542184,,0,0,1,0.0,no non-cross-border evidence
542207,,0,0,1,0.0,no non-cross-border evidence
542229,,0,0,1,0.0,no non-cross-border evidence
542248,,0,0,1,0.0,no non-cross-border evidence
542290,,0,0,1,0.0,no non-cross-border evidence
542516,,0,0,1,0.0,no non-cross-border evidence
542549,,0,0,1,0.0,no non-cross-border evidence
542767,,0,0,1,0.0,no non-cross-border evidence
542819,,0,0,1,0.0,no non-cross-border evidence
542870,,0,0,1,0.0,no non-cross-border evidence
542930,,0,0,1,0.0,no non-cross-border evidence
542979,,0,0,1,0.0,no non-cross-border evidence
543024,,0,0,1,0.0,no non-cross-border evidence
543063,,0,0,1,0.0,no non-cross-border evidence
543070,,0,0,1,0.0,no non-cross-border evidence
543109,,0,0,1,0.0,no non-cross-border evidence
543184,,0,0,1,0.0,no non-cross-border evidence
543358,,0,0,1,0.0,no non-cross-border evidence
543419,,0,0,1,0.0,no non-cross-border evidence
543508,,0,0,1,0.0,no non-cross-border evidence
543577,,0,0,1,0.0,no non-cross-border evidence
543600,,0,0,1,0.0,no non-cross-border evidence
543634,,0,0,1,0.0,no non-cross-border evidence
543661,,0,0,1,0.0,no non-cross-border evidence
543714,,0,0,1,0.0,no non-cross-border evidence
543750,,0,0,1,0.0,no non-cross-border evidence
543895,,0,0,1,0.0,no non-cross-border evidence
543945,,0,0,1,0.0,no non-cross-border evidence
544284,,0,0,1,0.0,no non-cross-border evidence
544289,,0,0,1,0.0,no non-cross-border evidence
544324,,0,0,1,0.0,no non-cross-border evidence
544369,,0,0,1,0.0,no non-cross-border evidence
544698,,0,0,1,0.0,no non-cross-border evidence
544732,,0,0,1,0.0,no non-cross-border evidence
544773,,0,0,1,0.0,no non-cross-border evidence
544808,,0,0,1,0.0,no non-cross-border evidence
544877,,0,0,1,0.0,no non-cross-border evidence
544968,,0,0,1,0.0,no non-cross-border evidence
545059,,0,0,1,0.0,no non-cross-border evidence
545155,,0,0,1,0.0,no non-cross-border evidence
545277,,0,0,1,0.0,no non-cross-border evidence
545325,,0,0,1,0.0,no non-cross-border evidence
545335,,0,0,1,0.0,no non-cross-border evidence
545391,,0,0,1,0.0,no non-cross-border evidence
545412,,0,0,1,0.0,no non-cross-border evidence
545511,,0,0,1,0.0,no non-cross-border evidence
545551,,0,0,1,0.0,no non-cross-border evidence
545568,,0,0,1,0.0,no non-cross-border evidence
545982,,0,0,1,0.0,no non-cross-border evidence
546068,,0,0,1,0.0,no non-cross-border evidence
546092,,0,0,1,0.0,no non-cross-border evidence
546175,,0,0,1,0.0,no non-cross-border evidence
546245,,0,0,1,0.0,no non-cross-border evidence
546415,,0,0,1,0.0,no non-cross-border evidence
546628,,0,0,1,0.0,no non-cross-border evidence
546643,,0,0,1,0.0,no non-cross-border evidence
546752,,0,0,1,0.0,no non-cross-border evidence
546770,,0,0,1,0.0,no non-cross-border evidence
546987,,0,0,1,0.0,no non-cross-border evidence
546998,,0,0,1,0.0,no non-cross-border evidence
547092,,0,0,1,0.0,no non-cross-border evidence
547130,,0,0,1,0.0,no non-cross-border evidence
547299,,0,0,1,0.0,no non-cross-border evidence
547627,,0,0,1,0.0,no non-cross-border evidence
547631,,0,0,1,0.0,no non-cross-border evidence
547675,,0,0,1,0.0,no non-cross-border evidence
547752,,0,0,1,0.0,no non-cross-border evidence
547871,,0,0,1,0.0,no non-cross-border evidence
548020,,0,0,1,0.0,no non-cross-border evidence
548046,,0,0,1,0.0,no non-cross-border evidence
548113,,0,0,1,0.0,no non-cross-border evidence
548135,,0,0,1,0.0,no non-cross-border evidence
548182,,0,0,1,0.0,no non-cross-border evidence
548203,,0,0,1,0.0,no non-cross-border evidence
548516,,0,0,1,0.0,no non-cross-border evidence
548734,,0,0,1,0.0,no non-cross-border evidence
548822,,0,0,1,0.0,no non-cross-border evidence
548838,,0,0,1,0.0,no non-cross-border evidence
548840,,0,0,1,0.0,no non-cross-border evidence
548860,,0,0,1,0.0,no non-cross-border evidence
548885,,0,0,1,0.0,no non-cross-border evidence
548933,,0,0,1,0.0,no non-cross-border evidence
549025,,0,0,1,0.0,no non-cross-border evidence
549071,,0,0,1,0.0,no non-cross-border evidence
549132,,0,0,1,0.0,no non-cross-border evidence
549179,,0,0,1,0.0,no non-cross-border evidence
549217,,0,0,1,0.0,no non-cross-border evidence
549296,,0,0,1,0.0,no non-cross-border evidence
549313,,0,0,1,0.0,no non-cross-border evidence
549348,,0,0,1,0.0,no non-cross-border evidence
549350,,0,0,1,0.0,no non-cross-border evidence
549452,,0,0,1,0.0,no non-cross-border evidence
549513,,0,0,1,0.0,no non-cross-border evidence
549531,,0,0,1,0.0,no non-cross-border evidence
549544,,0,0,1,0.0,no non-cross-border evidence
549577,,0,0,1,0.0,no non-cross-border evidence
549629,,0,0,1,0.0,no non-cross-border evidence
549729,,0,0,1,0.0,no non-cross-border evidence
549764,,0,0,1,0.0,no non-cross-border evidence
549998,,0,0,1,0.0,no non-cross-border evidence
550131,,0,0,1,0.0,no non-cross-border evidence
550145,,0,0,1,0.0,no non-cross-border evidence
550198,,0,0,1,0.0,no non-cross-border evidence
550472,,0,0,1,0.0,no non-cross-border evidence
550862,,0,0,1,0.0,no non-cross-border evidence
550969,,0,0,1,0.0,no non-cross-border evidence
551041,,0,0,1,0.0,no non-cross-border evidence
551110,,0,0,1,0.0,no non-cross-border evidence
551136,,0,0,1,0.0,no non-cross-border evidence
551155,,0,0,1,0.0,no non-cross-border evidence
551172,,0,0,1,0.0,no non-cross-border evidence
551180,,0,0,1,0.0,no non-cross-border evidence
551249,,0,0,1,0.0,no non-cross-border evidence
551265,,0,0,1,0.0,no non-cross-border evidence
551320,,0,0,1,0.0,no non-cross-border evidence
551381,,0,0,1,0.0,no non-cross-border evidence
551570,,0,0,1,0.0,no non-cross-border evidence
551597,,0,0,1,0.0,no non-cross-border evidence
551711,,0,0,1,0.0,no non-cross-border evidence
551750,,0,0,1,0.0,no non-cross-border evidence
551849,,0,0,1,0.0,no non-cross-border evidence
551934,,0,0,1,0.0,no non-cross-border evidence
552022,,0,0,1,0.0,no non-cross-border evidence
552070,,0,0,1,0.0,no non-cross-border evidence
552135,,0,0,1,0.0,no non-cross-border evidence
552184,,0,0,1,0.0,no non-cross-border evidence
552207,,0,0,1,0.0,no non-cross-border evidence
552229,,0,0,1,0.0,no non-cross-border evidence
552244,,0,0,1,0.0,no non-cross-border evidence
552277,,0,0,1,0.0,no non-cross-border evidence
552309,,0,0,1,0.0,no non-cross-border evidence
552534,,0,0,1,0.0,no non-cross-border evidence
552594,,0,0,1,0.0,no non-cross-border evidence
552629,,0,0,1,0.0,no non-cross-border evidence
552838,,0,0,1,0.0,no non-cross-border evidence
552883,,0,0,1,0.0,no non-cross-border evidence
552907,,0,0,1,0.0,no non-cross-border evidence
553005,,0,0,1,0.0,no non-cross-border evidence
553051,,0,0,1,0.0,no non-cross-border evidence
553067,,0,0,1,0.0,no non-cross-border evidence
553137,,0,0,1,0.0,no non-cross-border evidence
553164,,0,0,1,0.0,no non-cross-border evidence
553239,,0,0,1,0.0,no non-cross-border evidence
553583,,0,0,1,0.0,no non-cross-border evidence
553617,,0,0,1,0.0,no non-cross-border evidence
553648,,0,0,1,0.0,no non-cross-border evidence
553743,,0,0,1,0.0,no non-cross-border evidence
553911,,0,0,1,0.0,no non-cross-border evidence
553993,,0,0,1,0.0,no non-cross-border evidence
554001,,0,0,1,0.0,no non-cross-border evidence
554005,,0,0,1,0.0,no non-cross-border evidence
554041,,0,0,1,0.0,no non-cross-border evidence
554192,,0,0,1,0.0,no non-cross-border evidence
554300,,0,0,1,0.0,no non-cross-border evidence
554484,,0,0,1,0.0,no non-cross-border evidence
554563,,0,0,1,0.0,no non-cross-border evidence
554709,,0,0,1,0.0,no non-cross-border evidence
554990,,0,0,1,0.0,no non-cross-border evidence
555050,,0,0,1,0.0,no non-cross-border evidence
555097,,0,0,1,0.0,no non-cross-border evidence
555249,,0,0,1,0.0,no non-cross-border evidence
555343,,0,0,1,0.0,no non-cross-border evidence
555369,,0,0,1,0.0,no non-cross-border evidence
555469,,0,0,1,0.0,no non-cross-border evidence
555486,,0,0,1,0.0,no non-cross-border evidence
555576,,0,0,1,0.0,no non-cross-border evidence
555723,,0,0,1,0.0,no non-cross-border evidence
555726,,0,0,1,0.0,no non-cross-border evidence
555954,,0,0,1,0.0,no non-cross-border evidence
556051,,0,0,1,0.0,no non-cross-border evidence
556072,,0,0,1,0.0,no non-cross-border evidence
556263,,0,0,1,0.0,no non-cross-border evidence
556265,,0,0,1,0.0,no non-cross-border evidence
556281,,0,0,1,0.0,no non-cross-border evidence
556290,,0,0,1,0.0,no non-cross-border evidence
556375,,0,0,1,0.0,no non-cross-border evidence
556447,,0,0,1,0.0,no non-cross-border evidence
556477,,0,0,1,0.0,no non-cross-border evidence
556598,,0,0,1,0.0,no non-cross-border evidence
556604,,0,0,1,0.0,no non-cross-border evidence
556847,,0,0,1,0.0,no non-cross-border evidence
556954,,0,0,1,0.0,no non-cross-border evidence
557003,,0,0,1,0.0,no non-cross-border evidence
557152,,0,0,1,0.0,no non-cross-border evidence
557370,,0,0,1,0.0,no non-cross-border evidence
557434,,0,0,1,0.0,no non-cross-border evidence
557472,,0,0,1,0.0,no non-cross-border evidence
557536,,0,0,1,0.0,no non-cross-border evidence
557687,,0,0,1,0.0,no non-cross-border evidence
557727,,0,0,1,0.0,no non-cross-border evidence
557773,,0,0,1,0.0,no non-cross-border evidence
557833,,0,0,1,0.0,no non-cross-border evidence
557845,,0,0,1,0.0,no non-cross-border evidence
557857,,0,0,1,0.0,no non-cross-border evidence
557858,,0,0,1,0.0,no non-cross-border evidence
557912,,0,0,1,0.0,no non-cross-border evidence
558122,,0,0,1,0.0,no non-cross-border evidence
558261,,0,0,1,0.0,no non-cross-border evidence
558285,,0,0,1,0.0,no non-cross-border evidence
558295,,0,0,1,0.0,no non-cross-border evidence
558382,,0,0,1,0.0,no non-cross-border evidence
558468,,0,0,1,0.0,no non-cross-border evidence
558473,,0,0,1,0.0,no non-cross-border evidence
558492,,0,0,1,0.0,no non-cross-border evidence
558562,,0,0,1,0.0,no non-cross-border evidence
558589,,0,0,1,0.0,no non-cross-border evidence
558662,,0,0,1,0.0,no non-cross-border evidence
558668,,0,0,1,0.0,no non-cross-border evidence
558873,,0,0,1,0.0,no non-cross-border evidence
558899,,0,0,1,0.0,no non-cross-border evidence
558961,,0,0,1,0.0,no non-cross-border evidence
559079,,0,0,1,0.0,no non-cross-border evidence
559115,,0,0,1,0.0,no non-cross-border evidence
559132,,0,0,1,0.0,no non-cross-border evidence
559171,,0,0,1,0.0,no non-cross-border evidence
559172,,0,0,1,0.0,no non-cross-border evidence
559186,,0,0,1,0.0,no non-cross-border evidence
559444,,0,0,1,0.0,no non-cross-border evidence
559483,,0,0,1,0.0,no non-cross-border evidence
559782,,0,0,1,0.0,no non-cross-border evidence
559785,,0,0,1,0.0,no non-cross-border evidence
