transaction_id,timestamp,merchant_id,amount,currency,mcc,channel,entry_mode,card_brand,card_type,issuer_country,three_d_secure,cvc_check,avs_check,eci_indicator,interchange_fee,scheme_fee,processor_markup,total_fee,downgraded,qualification_reason
wp_tx_00001,2025-08-26T13:39:46.573707,merchant_203,354.01,USD,5912,moto,chip,mastercard,credit,FR,FALSE,unavailable,unavailable,7,7.83,0.66,0.99,9.48,TRUE,Missing/failed compliance fields
wp_tx_00002,2025-08-15T13:39:46.573751,merchant_759,297.85,USD,5912,ecommerce,manual,amex,corporate,DE,FALSE,pass,pass,7,4.1,0.52,0.92,5.54,TRUE,Missing/failed compliance fields
wp_tx_00003,2025-08-20T13:39:46.573771,merchant_219,67.52,USD,5912,pos,swipe,mastercard,credit,US,FALSE,unavailable,pass,6,1.2,0.07,0.32,1.59,TRUE,Missing/failed compliance fields
wp_tx_00004,2025-08-29T13:39:46.573787,merchant_238,403.6,USD,5411,moto,swipe,visa,debit,UK,TRUE,pass,pass,7,3.45,0.64,1.43,5.52,FALSE,Qualified
wp_tx_00005,2025-07-10T13:39:46.573808,merchant_263,264.96,USD,5411,ecommerce,swipe,amex,debit,UK,TRUE,pass,pass,6,6.47,0.2,0.84,7.51,FALSE,Qualified
wp_tx_00006,2025-07-09T13:39:46.573823,merchant_233,161.57,USD,5732,ecommerce,online,visa,credit,US,TRUE,unavailable,fail,6,4.03,0.16,0.57,4.76,TRUE,Missing/failed compliance fields
wp_tx_00007,2025-08-29T13:39:46.573839,merchant_297,194.73,USD,5732,pos,manual,visa,debit,IN,FALSE,unavailable,pass,6,4.15,0.23,0.62,5,TRUE,Missing/failed compliance fields
wp_tx_00008,2025-07-14T13:39:46.573860,merchant_957,380.36,USD,5732,ecommerce,chip,mastercard,credit,IN,FALSE,pass,unavailable,5,9.5,0.83,1.83,12.16,TRUE,Missing/failed compliance fields
wp_tx_00009,2025-07-16T13:39:46.573877,merchant_356,442.44,USD,5732,pos,manual,mastercard,corporate,DE,TRUE,fail,pass,7,8.66,0.85,1.91,11.42,TRUE,Missing/failed compliance fields
wp_tx_00010,2025-07-15T13:39:46.573892,merchant_636,18.99,USD,5411,pos,manual,visa,credit,DE,TRUE,pass,fail,6,0.13,0.02,0.07,0.22,TRUE,Missing/failed compliance fields
wp_tx_00011,2025-08-22T13:39:46.573909,merchant_203,73.19,USD,4111,moto,chip,mastercard,corporate,US,FALSE,pass,unavailable,6,1.02,0.16,0.31,1.49,TRUE,Missing/failed compliance fields
wp_tx_00012,2025-07-05T13:39:46.573932,merchant_154,74.68,USD,4111,moto,chip,visa,debit,IN,TRUE,fail,pass,5,1.08,0.17,0.22,1.47,TRUE,Missing/failed compliance fields
wp_tx_00013,2025-08-21T13:39:46.573949,merchant_687,366.68,USD,4111,ecommerce,swipe,mastercard,corporate,US,TRUE,pass,pass,6,8.87,0.41,1.17,10.45,FALSE,Qualified
wp_tx_00014,2025-07-29T13:39:46.573966,merchant_682,356.35,USD,5411,moto,chip,visa,corporate,US,TRUE,fail,unavailable,6,2.63,0.74,1.42,4.79,TRUE,Missing/failed compliance fields
wp_tx_00015,2025-09-01T13:39:46.573979,merchant_917,329.8,USD,5812,moto,online,visa,corporate,US,FALSE,unavailable,unavailable,5,3.44,0.42,1.56,5.42,TRUE,Missing/failed compliance fields
wp_tx_00016,2025-07-09T13:39:46.573993,merchant_944,358.95,USD,5732,ecommerce,manual,visa,credit,IN,FALSE,pass,fail,6,2.51,0.92,1.38,4.81,TRUE,Missing/failed compliance fields
wp_tx_00017,2025-08-11T13:39:46.574006,merchant_394,168.09,USD,4111,ecommerce,manual,amex,credit,DE,FALSE,pass,pass,7,2.63,0.21,0.43,3.27,TRUE,Missing/failed compliance fields
wp_tx_00018,2025-07-24T13:39:46.574019,merchant_190,26.09,USD,4111,pos,contactless,amex,debit,IN,FALSE,pass,unavailable,5,0.58,0.03,0.03,0.64,TRUE,Missing/failed compliance fields
wp_tx_00019,2025-07-18T13:39:46.574033,merchant_631,143.49,USD,5732,moto,online,visa,debit,UK,FALSE,unavailable,fail,6,1.47,0.18,0.39,2.04,TRUE,Missing/failed compliance fields
wp_tx_00020,2025-07-10T13:39:46.574045,merchant_745,481.25,USD,5812,ecommerce,online,visa,corporate,UK,FALSE,fail,pass,7,3.37,0.51,2.28,6.16,TRUE,Missing/failed compliance fields
wp_tx_00021,2025-08-28T13:39:46.574060,merchant_962,97.91,USD,4111,ecommerce,manual,visa,corporate,US,FALSE,fail,unavailable,6,0.92,0.27,0.41,1.6,TRUE,Missing/failed compliance fields
wp_tx_00022,2025-07-24T13:39:46.574082,merchant_601,285.98,USD,4111,ecommerce,online,visa,credit,US,FALSE,fail,unavailable,6,1.81,0.24,1.01,3.06,TRUE,Missing/failed compliance fields
wp_tx_00023,2025-08-25T13:39:46.574096,merchant_201,393.28,USD,5912,pos,online,visa,credit,UK,FALSE,pass,fail,5,6.18,1.02,0.43,7.63,TRUE,Missing/failed compliance fields
wp_tx_00024,2025-09-01T13:39:46.574110,merchant_282,18.78,USD,5732,pos,manual,visa,credit,US,FALSE,pass,pass,5,0.18,0.03,0.06,0.27,TRUE,Missing/failed compliance fields
wp_tx_00025,2025-06-12T13:39:46.574123,merchant_698,127.64,USD,4111,ecommerce,contactless,amex,debit,UK,TRUE,pass,unavailable,5,0.96,0.35,0.14,1.45,FALSE,Qualified
wp_tx_00026,2025-08-07T13:39:46.574138,merchant_880,26.18,USD,5732,pos,manual,mastercard,corporate,IN,TRUE,pass,unavailable,5,0.47,0.05,0.1,0.62,FALSE,Qualified
wp_tx_00027,2025-06-29T13:39:46.574151,merchant_165,183.63,USD,5912,pos,contactless,amex,corporate,FR,TRUE,fail,unavailable,5,3.62,0.18,0.52,4.32,TRUE,Missing/failed compliance fields
wp_tx_00028,2025-08-07T13:39:46.574165,merchant_804,139.71,USD,5812,moto,chip,visa,debit,IN,TRUE,pass,pass,6,3.28,0.13,0.56,3.97,FALSE,Qualified
wp_tx_00029,2025-06-21T13:39:46.574178,merchant_382,429.03,USD,4111,ecommerce,contactless,visa,corporate,US,FALSE,fail,unavailable,7,7.15,0.27,2.1,9.52,TRUE,Missing/failed compliance fields
wp_tx_00030,2025-06-16T13:39:46.574191,merchant_318,116.72,USD,5912,pos,manual,amex,corporate,DE,TRUE,pass,unavailable,7,1.29,0.22,0.5,2.01,FALSE,Qualified
wp_tx_00031,2025-07-17T13:39:46.574204,merchant_341,394.45,USD,5912,moto,swipe,mastercard,debit,US,FALSE,fail,unavailable,6,6.06,0.96,0.78,7.8,TRUE,Missing/failed compliance fields
wp_tx_00032,2025-06-12T13:39:46.574217,merchant_579,97.69,USD,5411,pos,swipe,visa,debit,DE,FALSE,pass,fail,6,0.58,0.25,0.28,1.11,TRUE,Missing/failed compliance fields
wp_tx_00033,2025-06-12T13:39:46.574229,merchant_954,397.74,USD,5411,pos,online,visa,corporate,IN,FALSE,pass,unavailable,6,6.44,0.7,1.51,8.65,TRUE,Missing/failed compliance fields
wp_tx_00034,2025-08-23T13:39:46.574243,merchant_805,290.29,USD,5912,pos,manual,amex,debit,UK,TRUE,pass,fail,7,2.09,0.3,0.77,3.16,TRUE,Missing/failed compliance fields
wp_tx_00035,2025-07-23T13:39:46.574256,merchant_353,27.43,USD,5812,moto,manual,visa,corporate,US,FALSE,pass,unavailable,5,0.54,0.07,0.12,0.73,TRUE,Missing/failed compliance fields
wp_tx_00036,2025-08-27T13:39:46.574269,merchant_532,255.97,USD,4111,pos,online,amex,debit,UK,FALSE,unavailable,fail,7,2.41,0.63,0.42,3.46,TRUE,Missing/failed compliance fields
wp_tx_00037,2025-07-27T13:39:46.574283,merchant_518,188.41,USD,5912,pos,contactless,mastercard,debit,DE,FALSE,fail,fail,7,1.73,0.11,0.74,2.58,TRUE,Missing/failed compliance fields
wp_tx_00038,2025-09-01T13:39:46.574297,merchant_244,252.64,USD,5732,moto,online,amex,debit,UK,TRUE,fail,fail,6,6.08,0.72,0.7,7.5,TRUE,Missing/failed compliance fields
wp_tx_00039,2025-08-26T13:39:46.574309,merchant_510,309.65,USD,5411,ecommerce,swipe,amex,credit,DE,FALSE,pass,unavailable,5,5.49,0.27,1.16,6.92,TRUE,Missing/failed compliance fields
wp_tx_00040,2025-09-05T13:39:46.574322,merchant_402,305.4,USD,5732,moto,contactless,mastercard,corporate,FR,TRUE,pass,unavailable,5,5.25,0.46,0.44,6.15,FALSE,Qualified
wp_tx_00041,2025-08-25T13:39:46.574335,merchant_264,370.14,USD,5732,moto,contactless,visa,debit,US,TRUE,unavailable,pass,5,2.98,0.36,1.82,5.16,FALSE,Qualified
wp_tx_00042,2025-07-29T13:39:46.574348,merchant_286,492.82,USD,4111,pos,manual,visa,credit,UK,FALSE,fail,pass,5,3.32,1.35,0.85,5.52,TRUE,Missing/failed compliance fields
wp_tx_00043,2025-07-19T13:39:46.574361,merchant_711,238.99,USD,5732,pos,manual,mastercard,credit,US,TRUE,pass,fail,5,2.76,0.52,0.92,4.2,TRUE,Missing/failed compliance fields
wp_tx_00044,2025-07-04T13:39:46.574382,merchant_531,37.29,USD,5912,moto,manual,amex,debit,FR,FALSE,unavailable,unavailable,6,0.66,0.07,0.18,0.91,TRUE,Missing/failed compliance fields
wp_tx_00045,2025-08-11T13:39:46.574404,merchant_909,56.88,USD,5732,pos,swipe,amex,corporate,FR,TRUE,unavailable,pass,6,1.21,0.1,0.12,1.43,FALSE,Qualified
wp_tx_00046,2025-08-13T13:39:46.574417,merchant_559,108.76,USD,5411,moto,swipe,visa,credit,DE,TRUE,unavailable,unavailable,7,1.01,0.2,0.41,1.62,FALSE,Qualified
wp_tx_00047,2025-08-25T13:39:46.574430,merchant_760,332.83,USD,5812,ecommerce,online,mastercard,debit,IN,TRUE,unavailable,unavailable,7,7.36,0.26,1.35,8.97,FALSE,Qualified
wp_tx_00048,2025-06-18T13:39:46.574450,merchant_775,369.26,USD,5812,moto,manual,amex,debit,IN,TRUE,pass,fail,5,4.74,0.85,1.28,6.87,TRUE,Missing/failed compliance fields
wp_tx_00049,2025-09-03T13:39:46.574466,merchant_892,61.83,USD,5411,moto,online,mastercard,credit,DE,FALSE,unavailable,fail,5,0.87,0.18,0.09,1.14,TRUE,Missing/failed compliance fields
wp_tx_00050,2025-07-28T13:39:46.574485,merchant_896,155.4,USD,5732,pos,manual,visa,credit,IN,FALSE,unavailable,unavailable,7,3.57,0.31,0.43,4.31,TRUE,Missing/failed compliance fields
wp_tx_00051,2025-08-11T13:39:46.574508,merchant_313,489.77,USD,5732,moto,swipe,mastercard,debit,DE,TRUE,unavailable,fail,6,7.3,1.17,1.52,9.99,TRUE,Missing/failed compliance fields
wp_tx_00052,2025-06-16T13:39:46.574524,merchant_929,260.73,USD,5411,moto,contactless,visa,debit,IN,TRUE,unavailable,unavailable,7,2.23,0.13,0.41,2.77,FALSE,Qualified
wp_tx_00053,2025-07-25T13:39:46.574547,merchant_545,406.2,USD,4111,moto,online,visa,credit,US,TRUE,pass,fail,6,7.32,1.07,1.13,9.52,TRUE,Missing/failed compliance fields
wp_tx_00054,2025-08-16T13:39:46.574564,merchant_598,85.51,USD,5812,ecommerce,contactless,mastercard,debit,US,TRUE,fail,pass,7,0.58,0.23,0.19,1,TRUE,Missing/failed compliance fields
wp_tx_00055,2025-06-24T13:39:46.574578,merchant_925,369.11,USD,5812,pos,contactless,amex,credit,FR,FALSE,unavailable,fail,5,3.93,1.09,1.15,6.17,TRUE,Missing/failed compliance fields
wp_tx_00056,2025-07-07T13:39:46.574592,merchant_979,223.37,USD,5912,moto,chip,visa,credit,FR,TRUE,fail,unavailable,5,3.26,0.57,0.71,4.54,TRUE,Missing/failed compliance fields
wp_tx_00057,2025-08-12T13:39:46.574605,merchant_569,414.44,USD,5411,moto,manual,amex,credit,FR,FALSE,pass,unavailable,5,7.74,0.51,1.89,10.14,TRUE,Missing/failed compliance fields
wp_tx_00058,2025-06-25T13:39:46.574620,merchant_929,238.51,USD,5732,pos,chip,amex,corporate,FR,FALSE,unavailable,fail,6,3.75,0.71,1.12,5.58,TRUE,Missing/failed compliance fields
wp_tx_00059,2025-08-17T13:39:46.574633,merchant_103,164.5,USD,5732,ecommerce,manual,visa,credit,UK,TRUE,unavailable,fail,6,1.52,0.24,0.77,2.53,TRUE,Missing/failed compliance fields
wp_tx_00060,2025-07-23T13:39:46.574646,merchant_445,248.9,USD,5732,moto,online,mastercard,debit,IN,FALSE,pass,fail,5,3.74,0.41,0.31,4.46,TRUE,Missing/failed compliance fields
wp_tx_00061,2025-07-18T13:39:46.574664,merchant_730,139.52,USD,4111,pos,manual,visa,debit,US,FALSE,fail,pass,5,0.82,0.11,0.26,1.19,TRUE,Missing/failed compliance fields
wp_tx_00062,2025-07-24T13:39:46.574687,merchant_948,360.23,USD,5912,pos,manual,visa,credit,FR,TRUE,fail,fail,6,8.34,0.5,0.67,9.51,TRUE,Missing/failed compliance fields
wp_tx_00063,2025-07-11T13:39:46.574821,merchant_209,342.52,USD,4111,ecommerce,contactless,amex,credit,US,FALSE,pass,unavailable,7,6.77,0.18,1.34,8.29,TRUE,Missing/failed compliance fields
wp_tx_00064,2025-08-14T13:39:46.574843,merchant_204,404.43,USD,5732,moto,chip,visa,corporate,US,TRUE,pass,unavailable,6,7.53,0.34,1.89,9.76,FALSE,Qualified
wp_tx_00065,2025-08-08T13:39:46.574864,merchant_491,171.97,USD,5912,pos,swipe,amex,corporate,DE,FALSE,unavailable,fail,5,3.96,0.26,0.63,4.85,TRUE,Missing/failed compliance fields
wp_tx_00066,2025-07-21T13:39:46.574885,merchant_191,359.13,USD,5812,pos,contactless,amex,debit,IN,FALSE,unavailable,pass,5,7.59,0.25,1.16,9,TRUE,Missing/failed compliance fields
wp_tx_00067,2025-06-09T13:39:46.574904,merchant_729,496.34,USD,4111,pos,contactless,amex,corporate,DE,FALSE,pass,fail,5,8.1,0.29,2.47,10.86,TRUE,Missing/failed compliance fields
wp_tx_00068,2025-07-02T13:39:46.574925,merchant_835,474,USD,5411,pos,contactless,visa,debit,FR,FALSE,unavailable,unavailable,6,10.89,0.97,1.72,13.58,TRUE,Missing/failed compliance fields
wp_tx_00069,2025-07-01T13:39:46.574948,merchant_542,378.83,USD,5912,moto,chip,amex,corporate,IN,TRUE,unavailable,pass,6,2.64,0.76,1.56,4.96,FALSE,Qualified
wp_tx_00070,2025-07-24T13:39:46.574968,merchant_403,395.22,USD,5812,ecommerce,contactless,mastercard,credit,US,FALSE,fail,pass,6,8.47,0.97,1.27,10.71,TRUE,Missing/failed compliance fields
wp_tx_00071,2025-07-24T13:39:46.575003,merchant_684,461.23,USD,5812,pos,manual,amex,credit,DE,TRUE,unavailable,pass,6,5.14,1.06,0.59,6.79,FALSE,Qualified
wp_tx_00072,2025-08-25T13:39:46.575026,merchant_409,375.61,USD,4111,ecommerce,contactless,mastercard,credit,IN,TRUE,pass,unavailable,7,5.16,0.71,1.42,7.29,FALSE,Qualified
wp_tx_00073,2025-06-23T13:39:46.575045,merchant_442,367.76,USD,5411,ecommerce,online,amex,credit,UK,FALSE,unavailable,unavailable,6,5.77,0.6,0.57,6.94,TRUE,Missing/failed compliance fields
wp_tx_00074,2025-08-30T13:39:46.575062,merchant_862,6.82,USD,5732,ecommerce,chip,mastercard,credit,IN,FALSE,fail,pass,7,0.12,0,0.01,0.13,TRUE,Missing/failed compliance fields
wp_tx_00075,2025-06-16T13:39:46.575075,merchant_402,189.77,USD,5732,moto,contactless,visa,credit,DE,FALSE,pass,fail,7,3.16,0.23,0.22,3.61,TRUE,Missing/failed compliance fields
wp_tx_00076,2025-08-14T13:39:46.575089,merchant_187,203.01,USD,5411,moto,manual,visa,credit,IN,TRUE,fail,unavailable,7,2.26,0.59,0.74,3.59,TRUE,Missing/failed compliance fields
wp_tx_00077,2025-06-19T13:39:46.575101,merchant_496,206.17,USD,5912,ecommerce,online,visa,corporate,FR,FALSE,pass,unavailable,6,3.14,0.44,0.53,4.11,TRUE,Missing/failed compliance fields
wp_tx_00078,2025-08-24T13:39:46.575115,merchant_313,34.47,USD,5411,pos,manual,amex,credit,IN,FALSE,unavailable,pass,7,0.33,0.1,0.11,0.54,TRUE,Missing/failed compliance fields
wp_tx_00079,2025-07-11T13:39:46.575129,merchant_618,131.12,USD,5732,pos,chip,amex,corporate,DE,TRUE,fail,pass,6,1.71,0.35,0.51,2.57,TRUE,Missing/failed compliance fields
wp_tx_00080,2025-07-08T13:39:46.575142,merchant_839,495.94,USD,5411,moto,contactless,mastercard,debit,US,FALSE,unavailable,unavailable,6,3.04,1.15,0.64,4.83,TRUE,Missing/failed compliance fields
wp_tx_00081,2025-09-05T13:39:46.575155,merchant_763,21.57,USD,5812,ecommerce,chip,visa,credit,IN,FALSE,pass,unavailable,5,0.5,0.06,0.09,0.65,TRUE,Missing/failed compliance fields
wp_tx_00082,2025-06-25T13:39:46.575174,merchant_261,374.91,USD,5912,moto,manual,mastercard,corporate,UK,FALSE,fail,fail,6,5.23,0.62,1.22,7.07,TRUE,Missing/failed compliance fields
wp_tx_00083,2025-07-23T13:39:46.575193,merchant_475,167.1,USD,5732,pos,swipe,amex,debit,US,TRUE,pass,pass,7,0.9,0.32,0.32,1.54,FALSE,Qualified
wp_tx_00084,2025-08-01T13:39:46.575206,merchant_246,218.59,USD,4111,pos,contactless,visa,corporate,US,FALSE,fail,unavailable,6,3.74,0.43,0.22,4.39,TRUE,Missing/failed compliance fields
wp_tx_00085,2025-07-04T13:39:46.575219,merchant_783,486.08,USD,5912,moto,contactless,visa,corporate,DE,TRUE,pass,unavailable,7,8.43,1.16,0.76,10.35,FALSE,Qualified
wp_tx_00086,2025-08-04T13:39:46.575232,merchant_991,442.28,USD,4111,moto,online,visa,debit,US,FALSE,fail,fail,6,10.06,1.27,2,13.33,TRUE,Missing/failed compliance fields
wp_tx_00087,2025-07-19T13:39:46.575246,merchant_227,342.69,USD,4111,ecommerce,swipe,visa,debit,IN,FALSE,fail,fail,7,6.77,0.27,1.42,8.46,TRUE,Missing/failed compliance fields
wp_tx_00088,2025-09-02T13:39:46.575258,merchant_232,223,USD,5732,ecommerce,chip,visa,debit,DE,TRUE,fail,fail,7,3.16,0.66,1.01,4.83,TRUE,Missing/failed compliance fields
wp_tx_00089,2025-08-12T13:39:46.575271,merchant_506,408.92,USD,5732,moto,online,visa,credit,FR,FALSE,unavailable,fail,5,7.21,0.43,1.07,8.71,TRUE,Missing/failed compliance fields
wp_tx_00090,2025-07-19T13:39:46.575284,merchant_236,70.13,USD,5411,ecommerce,contactless,amex,credit,US,FALSE,unavailable,pass,5,0.75,0.15,0.21,1.11,TRUE,Missing/failed compliance fields
wp_tx_00091,2025-08-01T13:39:46.575297,merchant_416,412.17,USD,5912,ecommerce,chip,amex,corporate,US,FALSE,fail,pass,6,6.97,0.97,1.48,9.42,TRUE,Missing/failed compliance fields
wp_tx_00092,2025-07-31T13:39:46.575310,merchant_686,92.8,USD,4111,pos,swipe,mastercard,credit,DE,TRUE,fail,unavailable,5,0.76,0.14,0.12,1.02,TRUE,Missing/failed compliance fields
wp_tx_00093,2025-07-08T13:39:46.575323,merchant_993,463.49,USD,5912,pos,manual,amex,debit,UK,FALSE,unavailable,fail,6,6.69,1.32,2.21,10.22,TRUE,Missing/failed compliance fields
wp_tx_00094,2025-08-05T13:39:46.575339,merchant_188,421.4,USD,4111,pos,contactless,visa,credit,IN,FALSE,unavailable,fail,6,3.95,1.17,1.59,6.71,TRUE,Missing/failed compliance fields
wp_tx_00095,2025-07-04T13:39:46.575352,merchant_245,114.95,USD,5912,moto,contactless,visa,credit,US,FALSE,fail,fail,5,1.74,0.26,0.38,2.38,TRUE,Missing/failed compliance fields
wp_tx_00096,2025-06-28T13:39:46.575365,merchant_557,175.47,USD,5912,pos,online,mastercard,debit,IN,FALSE,pass,pass,6,2.39,0.41,0.3,3.1,TRUE,Missing/failed compliance fields
wp_tx_00097,2025-08-21T13:39:46.575382,merchant_342,117.3,USD,5812,pos,manual,mastercard,corporate,FR,FALSE,unavailable,unavailable,5,1.41,0.15,0.38,1.94,TRUE,Missing/failed compliance fields
wp_tx_00098,2025-06-29T13:39:46.575400,merchant_841,268.63,USD,4111,moto,manual,visa,debit,DE,TRUE,unavailable,unavailable,7,5.39,0.41,1.17,6.97,FALSE,Qualified
wp_tx_00099,2025-08-20T13:39:46.575417,merchant_374,22.75,USD,5732,ecommerce,online,visa,credit,FR,TRUE,unavailable,fail,5,0.27,0.02,0.07,0.36,TRUE,Missing/failed compliance fields
wp_tx_00100,2025-08-10T13:39:46.575430,merchant_113,66.54,USD,5812,ecommerce,chip,visa,corporate,DE,TRUE,pass,fail,5,1.05,0.2,0.33,1.58,TRUE,Missing/failed compliance fields
wp_tx_00101,2025-07-14T13:39:46.575450,merchant_813,434.13,USD,5411,pos,contactless,amex,debit,FR,FALSE,unavailable,unavailable,7,5.6,0.48,1.73,7.81,TRUE,Missing/failed compliance fields
wp_tx_00102,2025-08-08T13:39:46.575472,merchant_407,221.2,USD,5732,moto,online,mastercard,corporate,FR,FALSE,pass,fail,6,4.51,0.58,0.82,5.91,TRUE,Missing/failed compliance fields
wp_tx_00103,2025-08-01T13:39:46.575487,merchant_839,412.16,USD,5812,moto,contactless,amex,debit,UK,FALSE,fail,unavailable,5,9.01,0.82,0.88,10.71,TRUE,Missing/failed compliance fields
wp_tx_00104,2025-07-04T13:39:46.575500,merchant_602,469.89,USD,5812,pos,manual,mastercard,corporate,US,TRUE,pass,pass,7,6.93,0.34,1.81,9.08,FALSE,Qualified
wp_tx_00105,2025-08-19T13:39:46.575513,merchant_541,204.2,USD,5812,moto,swipe,mastercard,credit,UK,TRUE,fail,fail,7,4.07,0.45,0.35,4.87,TRUE,Missing/failed compliance fields
wp_tx_00106,2025-06-29T13:39:46.575539,merchant_708,55.3,USD,5912,moto,contactless,visa,credit,US,FALSE,fail,unavailable,7,0.9,0.13,0.14,1.17,TRUE,Missing/failed compliance fields
wp_tx_00107,2025-07-15T13:39:46.575553,merchant_397,455.51,USD,5732,pos,contactless,amex,corporate,DE,FALSE,unavailable,unavailable,7,8.74,1.1,0.62,10.46,TRUE,Missing/failed compliance fields
wp_tx_00108,2025-08-29T13:39:46.575566,merchant_411,269.5,USD,5411,moto,swipe,mastercard,corporate,DE,TRUE,unavailable,pass,6,2.47,0.74,0.83,4.04,FALSE,Qualified
wp_tx_00109,2025-09-02T13:39:46.575579,merchant_822,285.36,USD,5732,ecommerce,swipe,amex,debit,DE,FALSE,unavailable,fail,6,4.09,0.83,1.11,6.03,TRUE,Missing/failed compliance fields
wp_tx_00110,2025-07-02T13:39:46.575596,merchant_394,402.54,USD,5912,ecommerce,contactless,amex,debit,DE,FALSE,fail,unavailable,7,9.07,0.69,1.33,11.09,TRUE,Missing/failed compliance fields
wp_tx_00111,2025-08-21T13:39:46.575619,merchant_555,488.3,USD,5812,pos,manual,mastercard,debit,IN,TRUE,pass,pass,6,2.58,1.38,1.23,5.19,FALSE,Qualified
wp_tx_00112,2025-06-19T13:39:46.575640,merchant_438,427.4,USD,5812,pos,swipe,mastercard,corporate,UK,FALSE,pass,pass,7,6.59,0.22,1.34,8.15,TRUE,Missing/failed compliance fields
wp_tx_00113,2025-06-29T13:39:46.575653,merchant_236,468.19,USD,5912,moto,manual,visa,credit,US,FALSE,fail,fail,6,8.38,0.6,1.41,10.39,TRUE,Missing/failed compliance fields
wp_tx_00114,2025-08-19T13:39:46.575667,merchant_300,313.94,USD,5912,moto,swipe,amex,credit,DE,FALSE,pass,pass,6,4.07,0.34,0.82,5.23,TRUE,Missing/failed compliance fields
wp_tx_00115,2025-08-30T13:39:46.575683,merchant_605,37.21,USD,5812,ecommerce,swipe,amex,credit,IN,TRUE,pass,fail,6,0.93,0.1,0.11,1.14,TRUE,Missing/failed compliance fields
wp_tx_00116,2025-07-29T13:39:46.575696,merchant_252,204.08,USD,4111,pos,manual,visa,corporate,IN,FALSE,fail,fail,7,2.96,0.59,0.79,4.34,TRUE,Missing/failed compliance fields
wp_tx_00117,2025-06-17T13:39:46.575709,merchant_875,366.59,USD,5812,ecommerce,online,amex,debit,FR,FALSE,fail,fail,6,4.34,0.24,1.01,5.59,TRUE,Missing/failed compliance fields
wp_tx_00118,2025-06-12T13:39:46.575722,merchant_692,12.26,USD,5732,ecommerce,online,mastercard,corporate,UK,TRUE,fail,fail,6,0.13,0.01,0.04,0.18,TRUE,Missing/failed compliance fields
wp_tx_00119,2025-07-13T13:39:46.575742,merchant_519,309.51,USD,5812,ecommerce,manual,amex,debit,IN,FALSE,pass,fail,6,1.61,0.26,1.32,3.19,TRUE,Missing/failed compliance fields
wp_tx_00120,2025-07-06T13:39:46.575763,merchant_721,465.07,USD,5912,ecommerce,online,amex,debit,IN,FALSE,fail,pass,7,10.82,1.02,1.95,13.79,TRUE,Missing/failed compliance fields
wp_tx_00121,2025-06-23T13:39:46.575786,merchant_470,148.76,USD,4111,pos,chip,visa,corporate,IN,TRUE,pass,pass,5,3,0.23,0.73,3.96,FALSE,Qualified
wp_tx_00122,2025-08-07T13:39:46.575815,merchant_524,93.18,USD,5812,moto,manual,mastercard,debit,US,TRUE,unavailable,unavailable,5,0.48,0.17,0.19,0.84,FALSE,Qualified
wp_tx_00123,2025-07-28T13:39:46.575830,merchant_382,111.02,USD,5411,moto,swipe,amex,corporate,IN,TRUE,pass,unavailable,6,1.82,0.22,0.17,2.21,FALSE,Qualified
wp_tx_00124,2025-08-28T13:39:46.575843,merchant_272,43.56,USD,4111,ecommerce,online,mastercard,corporate,DE,FALSE,unavailable,pass,6,0.24,0.07,0.15,0.46,TRUE,Missing/failed compliance fields
wp_tx_00125,2025-08-13T13:39:46.575857,merchant_192,231.44,USD,5812,pos,contactless,amex,credit,UK,TRUE,unavailable,unavailable,5,3.32,0.46,1.06,4.84,FALSE,Qualified
wp_tx_00126,2025-07-10T13:39:46.575878,merchant_900,168.44,USD,5732,moto,contactless,mastercard,credit,US,FALSE,unavailable,fail,7,1.71,0.15,0.7,2.56,TRUE,Missing/failed compliance fields
wp_tx_00127,2025-07-28T13:39:46.575900,merchant_176,303.97,USD,5912,pos,contactless,amex,credit,IN,TRUE,unavailable,unavailable,6,2.83,0.55,0.94,4.32,FALSE,Qualified
wp_tx_00128,2025-07-06T13:39:46.575914,merchant_442,101.26,USD,5411,moto,contactless,visa,corporate,FR,TRUE,unavailable,pass,6,1.89,0.24,0.22,2.35,FALSE,Qualified
wp_tx_00129,2025-07-15T13:39:46.575932,merchant_458,398.48,USD,5732,pos,swipe,visa,debit,UK,FALSE,unavailable,fail,6,3.14,0.93,1.65,5.72,TRUE,Missing/failed compliance fields
wp_tx_00130,2025-09-03T13:39:46.575957,merchant_389,47.66,USD,5732,pos,manual,visa,credit,US,TRUE,fail,pass,5,0.72,0.08,0.16,0.96,TRUE,Missing/failed compliance fields
wp_tx_00131,2025-07-31T13:39:46.575974,merchant_381,439.9,USD,5812,pos,swipe,visa,corporate,FR,TRUE,pass,fail,5,6.51,0.74,0.91,8.16,TRUE,Missing/failed compliance fields
wp_tx_00132,2025-08-02T13:39:46.575987,merchant_418,116.82,USD,4111,pos,online,mastercard,debit,IN,TRUE,unavailable,unavailable,7,1.1,0.34,0.54,1.98,FALSE,Qualified
wp_tx_00133,2025-08-05T13:39:46.576000,merchant_689,36.73,USD,5812,ecommerce,contactless,amex,credit,FR,TRUE,fail,fail,7,0.34,0.04,0.16,0.54,TRUE,Missing/failed compliance fields
wp_tx_00134,2025-08-03T13:39:46.576025,merchant_427,230.71,USD,4111,pos,manual,mastercard,debit,IN,TRUE,fail,fail,5,4.27,0.58,0.33,5.18,TRUE,Missing/failed compliance fields
wp_tx_00135,2025-07-16T13:39:46.576038,merchant_860,431.7,USD,5912,moto,online,mastercard,credit,FR,TRUE,fail,unavailable,7,5.34,0.56,1.51,7.41,TRUE,Missing/failed compliance fields
wp_tx_00136,2025-08-01T13:39:46.576051,merchant_317,345.8,USD,5812,moto,swipe,amex,credit,UK,TRUE,pass,pass,7,6.57,0.47,0.81,7.85,FALSE,Qualified
wp_tx_00137,2025-08-09T13:39:46.576064,merchant_235,295.02,USD,4111,pos,swipe,amex,corporate,US,TRUE,unavailable,fail,5,5.33,0.18,0.82,6.33,TRUE,Missing/failed compliance fields
wp_tx_00138,2025-06-28T13:39:46.576077,merchant_411,238.94,USD,5812,ecommerce,chip,mastercard,corporate,UK,FALSE,fail,unavailable,7,2.86,0.38,0.68,3.92,TRUE,Missing/failed compliance fields
wp_tx_00139,2025-07-01T13:39:46.576095,merchant_214,155.86,USD,5411,ecommerce,chip,visa,corporate,IN,TRUE,unavailable,unavailable,5,1.47,0.26,0.57,2.3,FALSE,Qualified
wp_tx_00140,2025-09-01T13:39:46.576117,merchant_240,173.71,USD,4111,pos,chip,amex,debit,US,FALSE,unavailable,pass,6,2.23,0.41,0.51,3.15,TRUE,Missing/failed compliance fields
wp_tx_00141,2025-08-16T13:39:46.576132,merchant_788,253.84,USD,4111,ecommerce,chip,mastercard,debit,UK,TRUE,pass,fail,6,5.06,0.47,0.7,6.23,TRUE,Missing/failed compliance fields
wp_tx_00142,2025-07-09T13:39:46.576146,merchant_672,139.77,USD,5812,moto,online,mastercard,credit,DE,FALSE,unavailable,fail,6,1.55,0.19,0.63,2.37,TRUE,Missing/failed compliance fields
wp_tx_00143,2025-08-03T13:39:46.576160,merchant_873,58.5,USD,5732,pos,manual,amex,corporate,IN,TRUE,unavailable,pass,7,0.34,0.06,0.21,0.61,FALSE,Qualified
wp_tx_00144,2025-06-21T13:39:46.576174,merchant_881,389.76,USD,5732,moto,contactless,mastercard,credit,FR,FALSE,pass,pass,5,6.79,0.5,1.92,9.21,TRUE,Missing/failed compliance fields
wp_tx_00145,2025-06-19T13:39:46.576187,merchant_620,10.71,USD,4111,pos,swipe,visa,debit,FR,FALSE,fail,unavailable,7,0.13,0.02,0.04,0.19,TRUE,Missing/failed compliance fields
wp_tx_00146,2025-07-26T13:39:46.576200,merchant_169,176.25,USD,5732,moto,online,amex,debit,US,TRUE,pass,unavailable,7,1.68,0.24,0.19,2.11,FALSE,Qualified
wp_tx_00147,2025-06-09T13:39:46.576214,merchant_396,476.98,USD,5812,pos,manual,visa,corporate,DE,FALSE,pass,pass,5,3.36,0.29,0.62,4.27,TRUE,Missing/failed compliance fields
wp_tx_00148,2025-07-03T13:39:46.576227,merchant_927,381.17,USD,4111,moto,chip,amex,corporate,UK,TRUE,unavailable,pass,6,9.5,0.9,1.03,11.43,FALSE,Qualified
wp_tx_00149,2025-07-02T13:39:46.576241,merchant_986,494.6,USD,4111,ecommerce,chip,mastercard,debit,DE,TRUE,fail,fail,5,3.33,1.29,1.43,6.05,TRUE,Missing/failed compliance fields
wp_tx_00150,2025-06-08T13:39:46.576264,merchant_327,249.89,USD,4111,ecommerce,contactless,mastercard,debit,FR,TRUE,pass,pass,5,2.41,0.22,1.24,3.87,FALSE,Qualified
wp_tx_00151,2025-06-17T13:39:46.576280,merchant_864,300.54,USD,5411,ecommerce,contactless,mastercard,debit,UK,TRUE,unavailable,unavailable,7,2.13,0.37,1.34,3.84,FALSE,Qualified
wp_tx_00152,2025-06-19T13:39:46.576293,merchant_328,305.64,USD,4111,ecommerce,swipe,mastercard,corporate,DE,FALSE,fail,unavailable,6,2.03,0.3,0.63,2.96,TRUE,Missing/failed compliance fields
wp_tx_00153,2025-08-21T13:39:46.576305,merchant_812,490.93,USD,5812,pos,online,mastercard,corporate,US,FALSE,pass,unavailable,5,6.47,0.25,1.23,7.95,TRUE,Missing/failed compliance fields
wp_tx_00154,2025-06-15T13:39:46.576320,merchant_508,236.74,USD,5732,moto,swipe,mastercard,credit,US,FALSE,pass,fail,7,3.1,0.62,0.84,4.56,TRUE,Missing/failed compliance fields
wp_tx_00155,2025-06-11T13:39:46.576332,merchant_634,77.11,USD,4111,ecommerce,manual,visa,credit,US,FALSE,pass,pass,5,0.73,0.08,0.1,0.91,TRUE,Missing/failed compliance fields
wp_tx_00156,2025-07-02T13:39:46.576345,merchant_278,193.78,USD,5411,pos,chip,visa,debit,IN,TRUE,unavailable,fail,7,2.07,0.39,0.73,3.19,TRUE,Missing/failed compliance fields
wp_tx_00157,2025-06-24T13:39:46.576363,merchant_557,74.8,USD,5812,ecommerce,contactless,mastercard,debit,DE,TRUE,unavailable,pass,5,0.65,0.15,0.24,1.04,FALSE,Qualified
wp_tx_00158,2025-06-11T13:39:46.576377,merchant_877,266.76,USD,5812,moto,chip,amex,debit,DE,TRUE,unavailable,pass,5,2.14,0.44,1.04,3.62,FALSE,Qualified
wp_tx_00159,2025-07-25T13:39:46.576389,merchant_251,296.95,USD,4111,moto,contactless,mastercard,debit,IN,TRUE,fail,unavailable,6,1.85,0.29,1.13,3.27,TRUE,Missing/failed compliance fields
wp_tx_00160,2025-08-21T13:39:46.576402,merchant_745,22.97,USD,5812,moto,swipe,amex,corporate,IN,FALSE,unavailable,unavailable,6,0.33,0.02,0.06,0.41,TRUE,Missing/failed compliance fields
wp_tx_00161,2025-06-22T13:39:46.576418,merchant_549,172.86,USD,5411,moto,online,visa,corporate,UK,FALSE,fail,pass,7,0.99,0.29,0.24,1.52,TRUE,Missing/failed compliance fields
wp_tx_00162,2025-09-04T13:39:46.576431,merchant_146,398.7,USD,5411,pos,online,mastercard,corporate,US,FALSE,unavailable,unavailable,7,8.57,0.6,1.67,10.84,TRUE,Missing/failed compliance fields
wp_tx_00163,2025-06-22T13:39:46.576444,merchant_586,222.09,USD,4111,ecommerce,online,amex,corporate,UK,TRUE,unavailable,pass,5,3.48,0.59,0.67,4.74,FALSE,Qualified
wp_tx_00164,2025-08-29T13:39:46.576462,merchant_830,216.03,USD,5732,moto,online,amex,debit,DE,FALSE,fail,pass,6,3.37,0.64,0.76,4.77,TRUE,Missing/failed compliance fields
wp_tx_00165,2025-08-11T13:39:46.576476,merchant_100,297.29,USD,5732,pos,chip,mastercard,credit,IN,FALSE,fail,pass,5,5.17,0.64,1.15,6.96,TRUE,Missing/failed compliance fields
wp_tx_00166,2025-06-17T13:39:46.576489,merchant_167,313.91,USD,5411,pos,contactless,mastercard,debit,US,TRUE,unavailable,unavailable,7,3.85,0.35,0.46,4.66,FALSE,Qualified
wp_tx_00167,2025-07-07T13:39:46.576502,merchant_411,283.5,USD,5411,ecommerce,contactless,amex,corporate,DE,TRUE,unavailable,pass,5,5,0.54,0.48,6.02,FALSE,Qualified
wp_tx_00168,2025-06-21T13:39:46.576515,merchant_696,71.31,USD,5912,moto,swipe,visa,debit,US,TRUE,pass,unavailable,6,0.63,0.17,0.11,0.91,FALSE,Qualified
wp_tx_00169,2025-08-14T13:39:46.576535,merchant_530,459.32,USD,5411,pos,swipe,amex,debit,IN,TRUE,pass,fail,7,8.57,1.04,0.81,10.42,TRUE,Missing/failed compliance fields
wp_tx_00170,2025-07-21T13:39:46.576559,merchant_630,47.5,USD,5812,ecommerce,manual,amex,debit,FR,FALSE,pass,fail,5,0.37,0.08,0.15,0.6,TRUE,Missing/failed compliance fields
wp_tx_00171,2025-09-02T13:39:46.576573,merchant_855,308.69,USD,5812,moto,contactless,visa,corporate,IN,FALSE,unavailable,fail,7,3.88,0.76,1.17,5.81,TRUE,Missing/failed compliance fields
wp_tx_00172,2025-07-18T13:39:46.576587,merchant_442,5.73,USD,5812,pos,swipe,mastercard,credit,IN,FALSE,fail,fail,6,0.11,0,0.01,0.12,TRUE,Missing/failed compliance fields
wp_tx_00173,2025-08-26T13:39:46.576605,merchant_430,201.35,USD,5411,pos,online,mastercard,corporate,FR,FALSE,fail,fail,7,2.03,0.27,0.83,3.13,TRUE,Missing/failed compliance fields
wp_tx_00174,2025-08-31T13:39:46.576631,merchant_700,472.88,USD,4111,moto,manual,visa,corporate,US,TRUE,unavailable,fail,6,11.34,0.32,1.75,13.41,TRUE,Missing/failed compliance fields
wp_tx_00175,2025-06-25T13:39:46.576644,merchant_128,279.63,USD,4111,moto,swipe,visa,corporate,DE,TRUE,fail,fail,7,4.89,0.74,1.36,6.99,TRUE,Missing/failed compliance fields
wp_tx_00176,2025-06-28T13:39:46.576657,merchant_436,498.55,USD,4111,pos,swipe,mastercard,debit,IN,TRUE,unavailable,pass,6,9.86,0.53,2.39,12.78,FALSE,Qualified
wp_tx_00177,2025-06-09T13:39:46.576671,merchant_922,14.79,USD,5732,pos,swipe,amex,debit,IN,TRUE,pass,pass,6,0.17,0.03,0.04,0.24,FALSE,Qualified
wp_tx_00178,2025-06-28T13:39:46.576693,merchant_439,71.67,USD,4111,pos,chip,amex,credit,UK,TRUE,pass,unavailable,6,0.84,0.13,0.09,1.06,FALSE,Qualified
wp_tx_00179,2025-07-04T13:39:46.576715,merchant_367,86.41,USD,5732,pos,swipe,amex,credit,UK,FALSE,unavailable,pass,6,1.31,0.22,0.18,1.71,TRUE,Missing/failed compliance fields
wp_tx_00180,2025-07-15T13:39:46.576728,merchant_966,214.56,USD,5912,moto,online,mastercard,credit,DE,FALSE,pass,pass,5,2.67,0.49,0.41,3.57,TRUE,Missing/failed compliance fields
wp_tx_00181,2025-06-25T13:39:46.576741,merchant_267,155.16,USD,5812,moto,swipe,amex,credit,DE,FALSE,pass,fail,7,2.7,0.26,0.72,3.68,TRUE,Missing/failed compliance fields
wp_tx_00182,2025-08-13T13:39:46.576756,merchant_203,321.87,USD,5812,pos,online,mastercard,debit,IN,FALSE,unavailable,fail,5,3.32,0.18,1.42,4.92,TRUE,Missing/failed compliance fields
wp_tx_00183,2025-08-07T13:39:46.576769,merchant_365,174.16,USD,5812,pos,swipe,mastercard,corporate,IN,FALSE,unavailable,fail,6,2.93,0.5,0.44,3.87,TRUE,Missing/failed compliance fields
wp_tx_00184,2025-08-23T13:39:46.576782,merchant_667,330.02,USD,5812,moto,swipe,mastercard,credit,UK,FALSE,fail,fail,6,3.57,0.51,0.87,4.95,TRUE,Missing/failed compliance fields
wp_tx_00185,2025-08-02T13:39:46.576795,merchant_238,361.78,USD,5912,ecommerce,manual,visa,corporate,DE,TRUE,pass,unavailable,7,4.08,0.98,1.26,6.32,FALSE,Qualified
wp_tx_00186,2025-06-23T13:39:46.576808,merchant_964,168.52,USD,5411,moto,swipe,amex,credit,FR,FALSE,fail,pass,6,3.93,0.13,0.79,4.85,TRUE,Missing/failed compliance fields
wp_tx_00187,2025-07-16T13:39:46.576821,merchant_956,431.16,USD,4111,pos,online,amex,corporate,DE,FALSE,unavailable,pass,5,7.88,1.1,0.96,9.94,TRUE,Missing/failed compliance fields
wp_tx_00188,2025-06-12T13:39:46.576834,merchant_887,337.42,USD,5732,moto,chip,visa,credit,UK,TRUE,pass,unavailable,7,3.01,0.81,1.59,5.41,FALSE,Qualified
wp_tx_00189,2025-06-22T13:39:46.576847,merchant_442,248.08,USD,5812,pos,chip,mastercard,corporate,UK,FALSE,pass,pass,5,6.09,0.27,0.41,6.77,TRUE,Missing/failed compliance fields
wp_tx_00190,2025-07-22T13:39:46.576860,merchant_539,422.17,USD,5912,pos,online,amex,credit,UK,FALSE,pass,fail,7,7.89,0.67,1.76,10.32,TRUE,Missing/failed compliance fields
wp_tx_00191,2025-06-22T13:39:46.576872,merchant_432,245.73,USD,4111,pos,swipe,visa,debit,IN,FALSE,pass,fail,7,6.14,0.69,0.43,7.26,TRUE,Missing/failed compliance fields
wp_tx_00192,2025-07-30T13:39:46.576885,merchant_167,141.63,USD,5912,ecommerce,online,mastercard,credit,UK,TRUE,unavailable,fail,6,1.37,0.14,0.43,1.94,TRUE,Missing/failed compliance fields
wp_tx_00193,2025-07-07T13:39:46.576898,merchant_508,174.96,USD,5732,pos,manual,visa,credit,US,TRUE,fail,unavailable,5,3.19,0.15,0.35,3.69,TRUE,Missing/failed compliance fields
wp_tx_00194,2025-09-04T13:39:46.576912,merchant_871,474.68,USD,5812,moto,contactless,visa,debit,DE,TRUE,fail,unavailable,7,11.66,0.51,1.3,13.47,TRUE,Missing/failed compliance fields
wp_tx_00195,2025-08-26T13:39:46.576927,merchant_322,147.33,USD,5812,moto,chip,mastercard,credit,DE,TRUE,pass,fail,7,3.29,0.38,0.61,4.28,TRUE,Missing/failed compliance fields
wp_tx_00196,2025-07-15T13:39:46.576947,merchant_672,90.26,USD,5812,moto,contactless,visa,corporate,US,TRUE,pass,fail,7,0.89,0.22,0.43,1.54,TRUE,Missing/failed compliance fields
wp_tx_00197,2025-08-15T13:39:46.576960,merchant_218,33.85,USD,5912,pos,online,visa,corporate,UK,FALSE,pass,fail,5,0.37,0.02,0.12,0.51,TRUE,Missing/failed compliance fields
wp_tx_00198,2025-07-04T13:39:46.576973,merchant_318,471.96,USD,4111,moto,manual,amex,debit,UK,FALSE,pass,fail,7,11.26,0.94,2.11,14.31,TRUE,Missing/failed compliance fields
wp_tx_00199,2025-08-05T13:39:46.576987,merchant_514,222.13,USD,5411,ecommerce,contactless,amex,corporate,FR,TRUE,fail,fail,5,3.65,0.32,1.1,5.07,TRUE,Missing/failed compliance fields
wp_tx_00200,2025-08-02T13:39:46.577000,merchant_814,342.68,USD,5912,ecommerce,swipe,amex,corporate,DE,TRUE,pass,pass,5,2.88,0.71,0.57,4.16,FALSE,Qualified
wp_tx_00201,2025-08-29T13:39:46.577013,merchant_551,325.59,USD,5912,moto,chip,visa,corporate,DE,TRUE,unavailable,pass,6,5.89,0.69,0.5,7.08,FALSE,Qualified
wp_tx_00202,2025-06-21T13:39:46.577027,merchant_864,76.3,USD,5912,ecommerce,online,mastercard,debit,US,TRUE,unavailable,pass,6,1.66,0.21,0.26,2.13,FALSE,Qualified
wp_tx_00203,2025-07-01T13:39:46.577039,merchant_393,479.31,USD,5411,ecommerce,online,amex,corporate,US,FALSE,unavailable,unavailable,6,6.09,0.48,1.52,8.09,TRUE,Missing/failed compliance fields
wp_tx_00204,2025-06-20T13:39:46.577052,merchant_641,28.05,USD,5411,moto,contactless,mastercard,credit,IN,TRUE,unavailable,pass,7,0.38,0.04,0.08,0.5,FALSE,Qualified
wp_tx_00205,2025-08-28T13:39:46.577065,merchant_201,20.01,USD,4111,pos,chip,visa,corporate,IN,FALSE,pass,fail,7,0.25,0.02,0.1,0.37,TRUE,Missing/failed compliance fields
wp_tx_00206,2025-08-25T13:39:46.577083,merchant_140,84.35,USD,5812,ecommerce,swipe,amex,credit,FR,TRUE,pass,unavailable,7,1.91,0.13,0.37,2.41,FALSE,Qualified
wp_tx_00207,2025-06-27T13:39:46.577098,merchant_715,428.42,USD,5732,pos,online,visa,corporate,UK,TRUE,fail,pass,5,5.54,0.43,2.03,8,TRUE,Missing/failed compliance fields
wp_tx_00208,2025-08-18T13:39:46.577111,merchant_993,107.91,USD,4111,pos,swipe,amex,corporate,US,TRUE,fail,pass,5,0.66,0.23,0.12,1.01,TRUE,Missing/failed compliance fields
wp_tx_00209,2025-08-20T13:39:46.577124,merchant_360,391.63,USD,5411,pos,manual,mastercard,debit,UK,TRUE,unavailable,pass,7,2.78,0.82,0.81,4.41,FALSE,Qualified
wp_tx_00210,2025-07-06T13:39:46.577137,merchant_482,175.44,USD,5812,pos,manual,visa,corporate,DE,TRUE,unavailable,pass,7,2.08,0.17,0.58,2.83,FALSE,Qualified
wp_tx_00211,2025-06-28T13:39:46.577151,merchant_729,366.08,USD,5912,ecommerce,contactless,mastercard,debit,IN,TRUE,fail,fail,5,4.71,0.91,1.71,7.33,TRUE,Missing/failed compliance fields
wp_tx_00212,2025-08-03T13:39:46.577167,merchant_315,229.82,USD,5812,ecommerce,contactless,mastercard,credit,DE,TRUE,fail,fail,5,3.34,0.59,0.97,4.9,TRUE,Missing/failed compliance fields
wp_tx_00213,2025-07-16T13:39:46.577190,merchant_247,262.04,USD,5411,ecommerce,online,visa,debit,US,FALSE,fail,unavailable,5,3.72,0.24,0.46,4.42,TRUE,Missing/failed compliance fields
wp_tx_00214,2025-06-11T13:39:46.577206,merchant_946,34.19,USD,5732,pos,contactless,mastercard,credit,UK,TRUE,pass,pass,5,0.3,0.04,0.09,0.43,FALSE,Qualified
wp_tx_00215,2025-07-01T13:39:46.577223,merchant_155,295.21,USD,4111,pos,contactless,amex,credit,US,FALSE,pass,pass,6,2.07,0.53,1.18,3.78,TRUE,Missing/failed compliance fields
wp_tx_00216,2025-08-14T13:39:46.577236,merchant_978,334.29,USD,4111,ecommerce,swipe,amex,corporate,DE,TRUE,fail,pass,7,3.07,0.46,0.4,3.93,TRUE,Missing/failed compliance fields
wp_tx_00217,2025-06-14T13:39:46.577251,merchant_945,7.8,USD,5912,pos,swipe,amex,debit,US,TRUE,unavailable,fail,5,0.13,0.01,0.02,0.16,TRUE,Missing/failed compliance fields
wp_tx_00218,2025-08-30T13:39:46.577264,merchant_199,202.7,USD,5912,moto,chip,amex,debit,US,FALSE,unavailable,unavailable,5,1.5,0.46,0.78,2.74,TRUE,Missing/failed compliance fields
wp_tx_00219,2025-06-18T13:39:46.577276,merchant_797,329.54,USD,5812,pos,manual,amex,credit,DE,TRUE,unavailable,unavailable,6,2.28,0.32,0.62,3.22,FALSE,Qualified
wp_tx_00220,2025-06-21T13:39:46.577289,merchant_629,444.93,USD,5812,moto,manual,mastercard,credit,IN,TRUE,pass,unavailable,7,3.95,1.01,1.84,6.8,FALSE,Qualified
wp_tx_00221,2025-06-15T13:39:46.577302,merchant_453,453.94,USD,4111,moto,contactless,visa,debit,UK,FALSE,fail,fail,7,10.62,0.75,1.66,13.03,TRUE,Missing/failed compliance fields
wp_tx_00222,2025-06-28T13:39:46.577315,merchant_942,129.16,USD,5411,moto,chip,amex,corporate,UK,FALSE,pass,unavailable,6,0.88,0.07,0.47,1.42,TRUE,Missing/failed compliance fields
wp_tx_00223,2025-08-16T13:39:46.577328,merchant_826,353.69,USD,5411,ecommerce,swipe,visa,corporate,FR,TRUE,fail,fail,7,8.49,0.49,0.55,9.53,TRUE,Missing/failed compliance fields
wp_tx_00224,2025-08-09T13:39:46.577350,merchant_163,56.4,USD,5912,pos,manual,mastercard,credit,UK,FALSE,pass,fail,6,1.14,0.06,0.27,1.47,TRUE,Missing/failed compliance fields
wp_tx_00225,2025-09-03T13:39:46.577372,merchant_435,305.44,USD,5812,moto,contactless,amex,credit,US,TRUE,unavailable,unavailable,5,5.89,0.18,1.43,7.5,FALSE,Qualified
wp_tx_00226,2025-08-22T13:39:46.577385,merchant_157,162.4,USD,4111,pos,manual,mastercard,debit,DE,TRUE,unavailable,unavailable,5,4.04,0.42,0.33,4.79,FALSE,Qualified
wp_tx_00227,2025-07-24T13:39:46.577398,merchant_719,499.39,USD,4111,pos,chip,amex,corporate,DE,TRUE,pass,pass,7,4.56,1.12,1.33,7.01,FALSE,Qualified
wp_tx_00228,2025-08-21T13:39:46.577414,merchant_577,25.14,USD,4111,moto,chip,amex,corporate,UK,FALSE,unavailable,unavailable,7,0.13,0.02,0.07,0.22,TRUE,Missing/failed compliance fields
wp_tx_00229,2025-06-15T13:39:46.577428,merchant_279,230.59,USD,5732,pos,chip,amex,debit,IN,TRUE,unavailable,fail,5,3.78,0.66,0.84,5.28,TRUE,Missing/failed compliance fields
wp_tx_00230,2025-08-04T13:39:46.577441,merchant_764,309.09,USD,5912,pos,manual,amex,debit,DE,TRUE,fail,unavailable,5,3.73,0.69,1.46,5.88,TRUE,Missing/failed compliance fields
wp_tx_00231,2025-08-05T13:39:46.577455,merchant_691,461.69,USD,5732,ecommerce,online,amex,credit,DE,TRUE,unavailable,fail,6,5.27,1.01,1.78,8.06,TRUE,Missing/failed compliance fields
wp_tx_00232,2025-07-06T13:39:46.577467,merchant_356,149.85,USD,4111,ecommerce,online,amex,corporate,UK,FALSE,pass,fail,7,3.44,0.13,0.57,4.14,TRUE,Missing/failed compliance fields
wp_tx_00233,2025-08-14T13:39:46.577480,merchant_765,220.62,USD,5812,ecommerce,manual,visa,debit,US,FALSE,pass,unavailable,7,1.97,0.23,0.83,3.03,TRUE,Missing/failed compliance fields
wp_tx_00234,2025-08-05T13:39:46.577500,merchant_704,316.57,USD,5411,moto,chip,amex,debit,UK,FALSE,fail,unavailable,7,7,0.26,0.85,8.11,TRUE,Missing/failed compliance fields
wp_tx_00235,2025-07-08T13:39:46.577513,merchant_988,316.98,USD,5912,moto,contactless,mastercard,credit,DE,TRUE,fail,fail,6,4.69,0.65,1.03,6.37,TRUE,Missing/failed compliance fields
wp_tx_00236,2025-08-19T13:39:46.577526,merchant_748,161.51,USD,5812,moto,online,visa,credit,US,FALSE,pass,fail,6,3.6,0.28,0.72,4.6,TRUE,Missing/failed compliance fields
wp_tx_00237,2025-06-28T13:39:46.577539,merchant_482,482.02,USD,5732,pos,contactless,visa,debit,DE,FALSE,pass,fail,7,8.05,0.7,2.12,10.87,TRUE,Missing/failed compliance fields
wp_tx_00238,2025-07-06T13:39:46.577553,merchant_583,295.88,USD,5812,moto,chip,amex,debit,DE,TRUE,pass,fail,7,6.81,0.25,0.63,7.69,TRUE,Missing/failed compliance fields
wp_tx_00239,2025-07-22T13:39:46.577566,merchant_279,248.9,USD,5912,moto,manual,mastercard,credit,IN,TRUE,fail,fail,6,6.11,0.37,0.64,7.12,TRUE,Missing/failed compliance fields
wp_tx_00240,2025-06-29T13:39:46.577579,merchant_575,389.48,USD,5411,ecommerce,swipe,amex,debit,US,FALSE,unavailable,pass,7,6.98,0.61,1.5,9.09,TRUE,Missing/failed compliance fields
wp_tx_00241,2025-07-18T13:39:46.577592,merchant_922,401.58,USD,5411,pos,manual,mastercard,corporate,IN,FALSE,fail,unavailable,7,4.74,1.04,1.19,6.97,TRUE,Missing/failed compliance fields
wp_tx_00242,2025-07-03T13:39:46.577611,merchant_628,418.55,USD,5812,ecommerce,chip,amex,credit,FR,FALSE,pass,fail,6,3.94,0.76,1.88,6.58,TRUE,Missing/failed compliance fields
wp_tx_00243,2025-07-31T13:39:46.577634,merchant_848,90.34,USD,5411,ecommerce,manual,amex,corporate,US,FALSE,pass,unavailable,5,2.05,0.14,0.15,2.34,TRUE,Missing/failed compliance fields
wp_tx_00244,2025-06-13T13:39:46.577648,merchant_891,281.47,USD,5812,moto,online,mastercard,credit,FR,TRUE,fail,fail,7,2.57,0.66,1.36,4.59,TRUE,Missing/failed compliance fields
wp_tx_00245,2025-06-13T13:39:46.577661,merchant_244,352.81,USD,5812,moto,online,amex,corporate,DE,FALSE,pass,fail,6,3.43,0.35,0.59,4.37,TRUE,Missing/failed compliance fields
wp_tx_00246,2025-07-25T13:39:46.577677,merchant_477,487.18,USD,5732,ecommerce,manual,amex,credit,UK,TRUE,fail,unavailable,7,11.18,1.23,2.16,14.57,TRUE,Missing/failed compliance fields
wp_tx_00247,2025-09-03T13:39:46.577696,merchant_613,17.81,USD,5912,ecommerce,swipe,amex,corporate,IN,FALSE,fail,fail,6,0.27,0.05,0.04,0.36,TRUE,Missing/failed compliance fields
wp_tx_00248,2025-07-01T13:39:46.577710,merchant_865,45.1,USD,5732,pos,contactless,amex,debit,US,TRUE,pass,pass,5,1.1,0.06,0.08,1.24,FALSE,Qualified
wp_tx_00249,2025-06-23T13:39:46.577723,merchant_980,475.85,USD,5812,ecommerce,swipe,mastercard,debit,UK,TRUE,pass,unavailable,5,7.04,0.38,1.23,8.65,FALSE,Qualified
wp_tx_00250,2025-09-01T13:39:46.577738,merchant_858,163.25,USD,4111,ecommerce,manual,mastercard,debit,UK,TRUE,unavailable,unavailable,5,1.68,0.15,0.19,2.02,FALSE,Qualified
wp_tx_00251,2025-07-07T13:39:46.577756,merchant_957,421.82,USD,5812,ecommerce,chip,visa,debit,UK,FALSE,pass,unavailable,5,3.79,0.64,1.51,5.94,TRUE,Missing/failed compliance fields
wp_tx_00252,2025-08-06T13:39:46.577782,merchant_728,364.65,USD,5812,pos,online,visa,corporate,DE,FALSE,unavailable,fail,7,7.22,0.8,1.49,9.51,TRUE,Missing/failed compliance fields
wp_tx_00253,2025-06-08T13:39:46.577795,merchant_212,254.54,USD,4111,ecommerce,chip,visa,credit,DE,FALSE,unavailable,fail,7,4.43,0.14,0.53,5.1,TRUE,Missing/failed compliance fields
wp_tx_00254,2025-06-23T13:39:46.577810,merchant_657,280.21,USD,5812,ecommerce,manual,amex,corporate,DE,FALSE,unavailable,fail,7,4.66,0.17,0.58,5.41,TRUE,Missing/failed compliance fields
wp_tx_00255,2025-08-03T13:39:46.577824,merchant_970,41.05,USD,5411,pos,swipe,mastercard,debit,FR,FALSE,fail,unavailable,6,0.82,0.06,0.05,0.93,TRUE,Missing/failed compliance fields
wp_tx_00256,2025-07-28T13:39:46.577837,merchant_103,423.36,USD,5812,ecommerce,contactless,visa,debit,UK,TRUE,fail,fail,6,9.08,1.1,1.75,11.93,TRUE,Missing/failed compliance fields
wp_tx_00257,2025-06-12T13:39:46.577851,merchant_590,290.34,USD,5411,pos,manual,mastercard,corporate,US,FALSE,unavailable,pass,5,5.98,0.23,0.83,7.04,TRUE,Missing/failed compliance fields
wp_tx_00258,2025-07-19T13:39:46.577864,merchant_673,70.98,USD,5912,moto,chip,mastercard,credit,FR,FALSE,pass,pass,5,1.74,0.09,0.1,1.93,TRUE,Missing/failed compliance fields
wp_tx_00259,2025-08-22T13:39:46.577878,merchant_199,355.53,USD,5912,moto,manual,mastercard,credit,FR,TRUE,fail,pass,5,5.88,0.23,1.12,7.23,TRUE,Missing/failed compliance fields
wp_tx_00260,2025-06-19T13:39:46.577891,merchant_942,102.44,USD,4111,ecommerce,swipe,amex,debit,US,TRUE,unavailable,fail,5,1.26,0.22,0.43,1.91,TRUE,Missing/failed compliance fields
wp_tx_00261,2025-07-23T13:39:46.577908,merchant_920,22.7,USD,5812,ecommerce,swipe,mastercard,debit,DE,FALSE,fail,pass,7,0.48,0.06,0.07,0.61,TRUE,Missing/failed compliance fields
wp_tx_00262,2025-06-25T13:39:46.577921,merchant_100,265.95,USD,5411,pos,chip,visa,corporate,DE,TRUE,unavailable,pass,7,2.55,0.26,0.81,3.62,FALSE,Qualified
wp_tx_00263,2025-06-22T13:39:46.577934,merchant_812,333.09,USD,5912,moto,chip,amex,corporate,IN,FALSE,pass,fail,6,8.32,0.49,1.02,9.83,TRUE,Missing/failed compliance fields
wp_tx_00264,2025-08-10T13:39:46.577947,merchant_558,195.91,USD,5812,moto,manual,amex,corporate,FR,TRUE,pass,pass,6,1.85,0.27,0.59,2.71,FALSE,Qualified
wp_tx_00265,2025-07-21T13:39:46.577963,merchant_761,249.95,USD,5411,moto,manual,mastercard,credit,FR,FALSE,unavailable,fail,6,4.67,0.74,0.71,6.12,TRUE,Missing/failed compliance fields
wp_tx_00266,2025-07-04T13:39:46.577984,merchant_227,424.1,USD,5812,moto,manual,visa,debit,FR,FALSE,pass,pass,6,5.18,0.7,1.63,7.51,TRUE,Missing/failed compliance fields
wp_tx_00267,2025-08-21T13:39:46.577999,merchant_316,306.37,USD,5732,moto,contactless,amex,corporate,DE,TRUE,pass,pass,5,2.32,0.56,0.45,3.33,FALSE,Qualified
wp_tx_00268,2025-07-24T13:39:46.578019,merchant_982,374.42,USD,5912,ecommerce,manual,amex,debit,DE,FALSE,pass,fail,6,3.14,0.64,0.54,4.32,TRUE,Missing/failed compliance fields
wp_tx_00269,2025-07-06T13:39:46.578033,merchant_884,197.77,USD,5912,moto,contactless,visa,credit,DE,TRUE,pass,fail,6,3.65,0.56,0.37,4.58,TRUE,Missing/failed compliance fields
wp_tx_00270,2025-07-06T13:39:46.578050,merchant_359,145.55,USD,5732,pos,contactless,mastercard,credit,US,TRUE,pass,fail,6,0.89,0.26,0.72,1.87,TRUE,Missing/failed compliance fields
wp_tx_00271,2025-07-25T13:39:46.578065,merchant_491,367.86,USD,5411,pos,contactless,mastercard,credit,UK,FALSE,fail,fail,7,5.1,0.2,1.2,6.5,TRUE,Missing/failed compliance fields
wp_tx_00272,2025-07-10T13:39:46.578079,merchant_493,473.38,USD,5411,ecommerce,swipe,amex,credit,US,TRUE,fail,fail,5,9.64,0.89,1.63,12.16,TRUE,Missing/failed compliance fields
wp_tx_00273,2025-06-25T13:39:46.578091,merchant_643,305.79,USD,4111,moto,contactless,mastercard,credit,UK,FALSE,unavailable,pass,6,7.49,0.52,0.86,8.87,TRUE,Missing/failed compliance fields
wp_tx_00274,2025-08-19T13:39:46.578105,merchant_791,156.09,USD,5411,ecommerce,online,mastercard,corporate,US,TRUE,pass,unavailable,6,1.44,0.3,0.46,2.2,FALSE,Qualified
wp_tx_00275,2025-07-13T13:39:46.578118,merchant_289,296.58,USD,5411,pos,chip,amex,debit,US,TRUE,fail,unavailable,6,5.72,0.19,0.92,6.83,TRUE,Missing/failed compliance fields
wp_tx_00276,2025-07-08T13:39:46.578134,merchant_153,17.68,USD,5912,moto,contactless,visa,debit,US,TRUE,fail,pass,6,0.35,0.01,0.06,0.42,TRUE,Missing/failed compliance fields
wp_tx_00277,2025-06-12T13:39:46.578147,merchant_304,128.28,USD,5912,moto,online,visa,credit,IN,FALSE,fail,pass,7,2.77,0.15,0.28,3.2,TRUE,Missing/failed compliance fields
wp_tx_00278,2025-07-06T13:39:46.578160,merchant_919,83.02,USD,5732,moto,online,visa,debit,FR,TRUE,pass,unavailable,5,0.64,0.14,0.34,1.12,FALSE,Qualified
wp_tx_00279,2025-08-07T13:39:46.578176,merchant_900,75.56,USD,5732,pos,online,amex,corporate,IN,TRUE,fail,fail,5,1.78,0.18,0.36,2.32,TRUE,Missing/failed compliance fields
wp_tx_00280,2025-07-26T13:39:46.578189,merchant_433,334.61,USD,5732,ecommerce,chip,visa,corporate,US,FALSE,pass,pass,5,2.45,0.36,0.77,3.58,TRUE,Missing/failed compliance fields
wp_tx_00281,2025-07-21T13:39:46.578201,merchant_190,415.04,USD,5411,ecommerce,manual,visa,debit,US,TRUE,fail,unavailable,6,7.74,1.08,0.78,9.6,TRUE,Missing/failed compliance fields
wp_tx_00282,2025-07-04T13:39:46.578214,merchant_928,253.22,USD,5732,moto,chip,amex,corporate,FR,TRUE,pass,unavailable,6,3.31,0.17,0.76,4.24,FALSE,Qualified
wp_tx_00283,2025-09-03T13:39:46.578227,merchant_849,81.88,USD,5812,pos,chip,visa,corporate,UK,FALSE,fail,fail,6,1.08,0.14,0.24,1.46,TRUE,Missing/failed compliance fields
wp_tx_00284,2025-07-07T13:39:46.578244,merchant_545,238.72,USD,5812,moto,manual,amex,debit,DE,FALSE,unavailable,pass,6,1.25,0.47,1,2.72,TRUE,Missing/failed compliance fields
wp_tx_00285,2025-08-13T13:39:46.578268,merchant_295,48.11,USD,5912,ecommerce,manual,amex,corporate,FR,FALSE,fail,unavailable,6,0.89,0.02,0.21,1.12,TRUE,Missing/failed compliance fields
wp_tx_00286,2025-06-19T13:39:46.578282,merchant_271,110.79,USD,5732,ecommerce,online,visa,debit,DE,TRUE,unavailable,pass,7,1.46,0.11,0.29,1.86,FALSE,Qualified
wp_tx_00287,2025-09-04T13:39:46.578295,merchant_357,257.56,USD,5812,moto,chip,visa,debit,DE,TRUE,fail,unavailable,7,6.04,0.21,1.24,7.49,TRUE,Missing/failed compliance fields
wp_tx_00288,2025-06-24T13:39:46.578309,merchant_529,85.12,USD,5411,moto,manual,mastercard,debit,DE,FALSE,unavailable,unavailable,5,0.46,0.13,0.37,0.96,TRUE,Missing/failed compliance fields
wp_tx_00289,2025-07-23T13:39:46.578326,merchant_508,106.45,USD,5411,moto,swipe,visa,debit,US,TRUE,pass,fail,7,2.57,0.25,0.51,3.33,TRUE,Missing/failed compliance fields
wp_tx_00290,2025-06-15T13:39:46.578339,merchant_693,251.12,USD,5411,pos,chip,mastercard,debit,IN,TRUE,unavailable,pass,6,5.39,0.14,1.19,6.72,FALSE,Qualified
wp_tx_00291,2025-07-07T13:39:46.578352,merchant_590,63.26,USD,4111,ecommerce,contactless,amex,corporate,UK,FALSE,unavailable,fail,6,1.23,0.12,0.12,1.47,TRUE,Missing/failed compliance fields
wp_tx_00292,2025-09-04T13:39:46.578365,merchant_308,47,USD,5411,moto,manual,mastercard,debit,FR,FALSE,pass,unavailable,5,0.93,0.07,0.07,1.07,TRUE,Missing/failed compliance fields
wp_tx_00293,2025-08-19T13:39:46.578380,merchant_624,396.5,USD,5812,moto,contactless,mastercard,credit,DE,TRUE,pass,unavailable,5,5.06,0.99,1.59,7.64,FALSE,Qualified
wp_tx_00294,2025-06-18T13:39:46.578393,merchant_930,58.23,USD,4111,moto,chip,amex,credit,DE,TRUE,fail,unavailable,5,0.56,0.09,0.18,0.83,TRUE,Missing/failed compliance fields
wp_tx_00295,2025-06-11T13:39:46.578406,merchant_195,430.7,USD,5812,moto,online,amex,corporate,FR,FALSE,unavailable,fail,5,7.01,0.53,1.21,8.75,TRUE,Missing/failed compliance fields
wp_tx_00296,2025-07-20T13:39:46.578419,merchant_170,242.08,USD,5411,moto,contactless,mastercard,credit,IN,TRUE,pass,pass,5,1.97,0.4,0.57,2.94,FALSE,Qualified
wp_tx_00297,2025-07-02T13:39:46.578436,merchant_308,57.98,USD,4111,ecommerce,online,mastercard,corporate,FR,FALSE,unavailable,pass,6,0.69,0.04,0.22,0.95,TRUE,Missing/failed compliance fields
wp_tx_00298,2025-08-26T13:39:46.578458,merchant_172,323.55,USD,5812,pos,contactless,amex,debit,DE,FALSE,pass,pass,7,1.86,0.88,0.75,3.49,TRUE,Missing/failed compliance fields
wp_tx_00299,2025-06-17T13:39:46.578471,merchant_559,482.06,USD,5912,pos,online,mastercard,debit,UK,TRUE,pass,pass,5,6.88,1.31,0.75,8.94,FALSE,Qualified
wp_tx_00300,2025-07-26T13:39:46.578485,merchant_960,433.64,USD,4111,pos,chip,mastercard,debit,FR,TRUE,fail,fail,6,9.5,0.64,0.94,11.08,TRUE,Missing/failed compliance fields
wp_tx_00301,2025-07-07T13:39:46.578499,merchant_474,388.26,USD,5812,pos,swipe,mastercard,corporate,US,FALSE,fail,pass,7,8.36,0.65,1.54,10.55,TRUE,Missing/failed compliance fields
wp_tx_00302,2025-06-22T13:39:46.578513,merchant_674,41.19,USD,4111,moto,swipe,amex,corporate,US,TRUE,pass,fail,7,0.87,0.12,0.17,1.16,TRUE,Missing/failed compliance fields
wp_tx_00303,2025-07-28T13:39:46.578527,merchant_891,75.58,USD,5912,pos,swipe,visa,corporate,US,TRUE,fail,unavailable,7,0.7,0.19,0.24,1.13,TRUE,Missing/failed compliance fields
wp_tx_00304,2025-07-04T13:39:46.578540,merchant_136,138.06,USD,5912,pos,online,amex,credit,FR,FALSE,unavailable,fail,6,2.37,0.3,0.39,3.06,TRUE,Missing/failed compliance fields
wp_tx_00305,2025-07-22T13:39:46.578553,merchant_651,382.25,USD,5732,pos,chip,amex,debit,US,FALSE,pass,pass,7,7.36,0.48,1.74,9.58,TRUE,Missing/failed compliance fields
wp_tx_00306,2025-07-13T13:39:46.578567,merchant_687,337.08,USD,5732,moto,online,visa,credit,UK,TRUE,unavailable,pass,5,1.93,0.92,1.3,4.15,FALSE,Qualified
wp_tx_00307,2025-07-22T13:39:46.578583,merchant_420,403.48,USD,5732,moto,online,amex,credit,DE,TRUE,pass,unavailable,5,9.38,0.6,1.19,11.17,FALSE,Qualified
wp_tx_00308,2025-08-17T13:39:46.578596,merchant_553,493.56,USD,5812,pos,manual,visa,credit,IN,TRUE,pass,pass,6,3.64,0.25,0.62,4.51,FALSE,Qualified
wp_tx_00309,2025-07-15T13:39:46.578609,merchant_682,460.65,USD,5912,moto,swipe,amex,corporate,FR,TRUE,fail,pass,5,4.06,1.26,2.28,7.6,TRUE,Missing/failed compliance fields
wp_tx_00310,2025-06-20T13:39:46.578628,merchant_660,352.61,USD,5912,pos,chip,amex,corporate,UK,TRUE,fail,unavailable,5,5.86,0.88,0.49,7.23,TRUE,Missing/failed compliance fields
wp_tx_00311,2025-06-17T13:39:46.578641,merchant_474,397.59,USD,5912,moto,chip,visa,credit,DE,FALSE,unavailable,unavailable,7,4.97,0.88,0.85,6.7,TRUE,Missing/failed compliance fields
wp_tx_00312,2025-06-25T13:39:46.578654,merchant_414,396.3,USD,4111,ecommerce,manual,visa,debit,UK,FALSE,unavailable,unavailable,6,7.39,0.58,1.32,9.29,TRUE,Missing/failed compliance fields
wp_tx_00313,2025-08-03T13:39:46.578667,merchant_153,347.13,USD,5411,ecommerce,chip,amex,credit,FR,TRUE,fail,unavailable,6,2.46,0.78,1.32,4.56,TRUE,Missing/failed compliance fields
wp_tx_00314,2025-06-19T13:39:46.578690,merchant_662,55.67,USD,5912,moto,online,amex,debit,US,TRUE,unavailable,unavailable,7,0.38,0.06,0.18,0.62,FALSE,Qualified
wp_tx_00315,2025-06-23T13:39:46.578728,merchant_724,466.39,USD,5411,moto,online,mastercard,corporate,FR,FALSE,fail,fail,7,8.65,0.84,1.79,11.28,TRUE,Missing/failed compliance fields
wp_tx_00316,2025-06-09T13:39:46.578754,merchant_187,175.91,USD,5732,ecommerce,chip,mastercard,debit,FR,TRUE,fail,unavailable,7,2.56,0.48,0.51,3.55,TRUE,Missing/failed compliance fields
wp_tx_00317,2025-06-28T13:39:46.578773,merchant_185,394.26,USD,5812,ecommerce,contactless,amex,credit,UK,FALSE,pass,fail,7,3.73,1.14,0.74,5.61,TRUE,Missing/failed compliance fields
wp_tx_00318,2025-08-21T13:39:46.578795,merchant_844,297.78,USD,5732,moto,swipe,visa,corporate,UK,TRUE,fail,unavailable,7,4.51,0.29,0.61,5.41,TRUE,Missing/failed compliance fields
wp_tx_00319,2025-06-17T13:39:46.578816,merchant_223,102.31,USD,4111,moto,swipe,mastercard,corporate,UK,TRUE,fail,pass,6,2.48,0.15,0.41,3.04,TRUE,Missing/failed compliance fields
wp_tx_00320,2025-07-27T13:39:46.578838,merchant_102,467.06,USD,5812,moto,swipe,visa,debit,UK,FALSE,fail,fail,6,6.09,0.46,0.7,7.25,TRUE,Missing/failed compliance fields
wp_tx_00321,2025-07-11T13:39:46.578857,merchant_416,304.1,USD,5732,ecommerce,chip,visa,debit,FR,FALSE,fail,unavailable,7,2.85,0.31,0.99,4.15,TRUE,Missing/failed compliance fields
wp_tx_00322,2025-06-12T13:39:46.578880,merchant_335,261.52,USD,5411,pos,online,mastercard,credit,FR,TRUE,fail,unavailable,6,4.68,0.36,1.16,6.2,TRUE,Missing/failed compliance fields
wp_tx_00323,2025-08-21T13:39:46.578899,merchant_815,204.95,USD,5732,ecommerce,manual,amex,debit,DE,FALSE,pass,pass,6,1.77,0.35,0.6,2.72,TRUE,Missing/failed compliance fields
wp_tx_00324,2025-06-22T13:39:46.578912,merchant_702,493.73,USD,5732,pos,online,mastercard,credit,UK,TRUE,pass,pass,6,10.83,1.22,2.09,14.14,FALSE,Qualified
wp_tx_00325,2025-08-03T13:39:46.578931,merchant_358,319.08,USD,4111,pos,manual,visa,debit,FR,FALSE,pass,pass,7,7.06,0.43,1.21,8.7,TRUE,Missing/failed compliance fields
wp_tx_00326,2025-07-18T13:39:46.578948,merchant_309,462.44,USD,5411,moto,online,mastercard,debit,DE,FALSE,unavailable,unavailable,5,9.27,0.77,1.74,11.78,TRUE,Missing/failed compliance fields
wp_tx_00327,2025-09-03T13:39:46.578970,merchant_250,242.99,USD,5411,ecommerce,contactless,mastercard,credit,UK,TRUE,unavailable,pass,5,3.35,0.59,1.14,5.08,FALSE,Qualified
wp_tx_00328,2025-06-25T13:39:46.578984,merchant_681,162.24,USD,5912,pos,manual,mastercard,corporate,DE,TRUE,fail,pass,7,1.04,0.38,0.58,2,TRUE,Missing/failed compliance fields
wp_tx_00329,2025-07-15T13:39:46.578997,merchant_446,99.17,USD,5812,moto,swipe,mastercard,debit,FR,FALSE,fail,unavailable,7,1.91,0.1,0.39,2.4,TRUE,Missing/failed compliance fields
wp_tx_00330,2025-08-17T13:39:46.579010,merchant_225,461.23,USD,4111,moto,contactless,amex,corporate,US,FALSE,unavailable,unavailable,7,5.58,1.11,1.65,8.34,TRUE,Missing/failed compliance fields
wp_tx_00331,2025-08-22T13:39:46.579023,merchant_498,395.63,USD,5812,moto,contactless,visa,corporate,UK,TRUE,unavailable,pass,7,2.36,0.53,1.86,4.75,FALSE,Qualified
wp_tx_00332,2025-07-22T13:39:46.579036,merchant_373,315.84,USD,5732,moto,contactless,amex,corporate,US,FALSE,pass,fail,7,3.75,0.58,0.95,5.28,TRUE,Missing/failed compliance fields
wp_tx_00333,2025-08-22T13:39:46.579049,merchant_246,488.1,USD,5411,pos,swipe,visa,credit,FR,TRUE,pass,fail,5,10.52,1.45,1.85,13.82,TRUE,Missing/failed compliance fields
wp_tx_00334,2025-08-30T13:39:46.579068,merchant_832,379.54,USD,5812,pos,swipe,amex,debit,UK,TRUE,unavailable,unavailable,6,9.28,0.55,1.88,11.71,FALSE,Qualified
wp_tx_00335,2025-09-04T13:39:46.579089,merchant_234,69.31,USD,5411,moto,chip,amex,debit,US,FALSE,fail,unavailable,5,0.59,0.08,0.15,0.82,TRUE,Missing/failed compliance fields
wp_tx_00336,2025-08-15T13:39:46.579106,merchant_621,477.53,USD,5912,pos,swipe,visa,debit,DE,TRUE,unavailable,fail,5,8.97,1.39,0.9,11.26,TRUE,Missing/failed compliance fields
wp_tx_00337,2025-07-08T13:39:46.579119,merchant_492,59.98,USD,5732,moto,chip,amex,corporate,DE,FALSE,unavailable,fail,6,0.47,0.12,0.23,0.82,TRUE,Missing/failed compliance fields
wp_tx_00338,2025-06-14T13:39:46.579132,merchant_644,126.34,USD,4111,pos,manual,visa,debit,US,TRUE,fail,fail,7,1.55,0.25,0.46,2.26,TRUE,Missing/failed compliance fields
wp_tx_00339,2025-06-27T13:39:46.579146,merchant_353,141.08,USD,5812,moto,chip,amex,corporate,IN,FALSE,fail,fail,6,3.3,0.35,0.51,4.16,TRUE,Missing/failed compliance fields
wp_tx_00340,2025-08-09T13:39:46.579159,merchant_609,246.53,USD,4111,pos,online,visa,debit,DE,TRUE,fail,unavailable,5,2.5,0.25,0.66,3.41,TRUE,Missing/failed compliance fields
wp_tx_00341,2025-07-14T13:39:46.579172,merchant_586,62.39,USD,5411,ecommerce,contactless,visa,debit,FR,TRUE,unavailable,unavailable,5,0.57,0.14,0.09,0.8,FALSE,Qualified
wp_tx_00342,2025-07-19T13:39:46.579185,merchant_955,471.74,USD,4111,ecommerce,swipe,amex,debit,US,FALSE,fail,unavailable,6,7.15,0.6,1.11,8.86,TRUE,Missing/failed compliance fields
wp_tx_00343,2025-09-05T13:39:46.579201,merchant_982,277.2,USD,5732,pos,contactless,mastercard,corporate,FR,TRUE,pass,pass,5,5.62,0.57,0.33,6.52,FALSE,Qualified
wp_tx_00344,2025-07-06T13:39:46.579214,merchant_844,169.2,USD,5812,pos,swipe,amex,credit,IN,FALSE,unavailable,fail,5,3.37,0.48,0.28,4.13,TRUE,Missing/failed compliance fields
wp_tx_00345,2025-08-10T13:39:46.579228,merchant_123,133.22,USD,4111,moto,online,amex,debit,UK,TRUE,pass,pass,7,3.31,0.08,0.23,3.62,FALSE,Qualified
wp_tx_00346,2025-06-18T13:39:46.579242,merchant_567,419.5,USD,5812,ecommerce,contactless,mastercard,debit,UK,TRUE,fail,pass,5,10.37,1.11,0.95,12.43,TRUE,Missing/failed compliance fields
wp_tx_00347,2025-07-08T13:39:46.579255,merchant_607,362.69,USD,5912,pos,online,visa,credit,US,TRUE,unavailable,pass,7,7.88,0.26,1.23,9.37,FALSE,Qualified
wp_tx_00348,2025-08-29T13:39:46.579268,merchant_150,425.43,USD,5812,moto,online,mastercard,corporate,US,FALSE,fail,pass,6,3.37,0.48,1.89,5.74,TRUE,Missing/failed compliance fields
wp_tx_00349,2025-06-26T13:39:46.579281,merchant_692,483.13,USD,5812,pos,swipe,amex,corporate,UK,TRUE,fail,unavailable,7,7.81,0.59,0.55,8.95,TRUE,Missing/failed compliance fields
wp_tx_00350,2025-07-03T13:39:46.579294,merchant_524,40.51,USD,5732,ecommerce,chip,mastercard,corporate,DE,FALSE,unavailable,unavailable,5,0.96,0.07,0.08,1.11,TRUE,Missing/failed compliance fields
wp_tx_00351,2025-06-30T13:39:46.579307,merchant_672,323.21,USD,5812,moto,chip,visa,corporate,UK,FALSE,pass,fail,5,3.22,0.28,1.24,4.74,TRUE,Missing/failed compliance fields
wp_tx_00352,2025-06-27T13:39:46.579326,merchant_345,43.12,USD,5411,moto,online,visa,debit,UK,TRUE,fail,fail,7,0.59,0.09,0.16,0.84,TRUE,Missing/failed compliance fields
wp_tx_00353,2025-07-25T13:39:46.579350,merchant_279,444.84,USD,5912,pos,manual,visa,debit,US,TRUE,pass,fail,5,5.21,0.7,1.11,7.02,TRUE,Missing/failed compliance fields
wp_tx_00354,2025-09-01T13:39:46.579366,merchant_214,137.41,USD,5411,pos,chip,visa,credit,DE,FALSE,unavailable,pass,7,1.29,0.34,0.58,2.21,TRUE,Missing/failed compliance fields
wp_tx_00355,2025-07-14T13:39:46.579380,merchant_892,454.18,USD,5411,moto,manual,mastercard,corporate,US,FALSE,fail,fail,7,6.45,0.61,1.7,8.76,TRUE,Missing/failed compliance fields
wp_tx_00356,2025-06-26T13:39:46.579397,merchant_471,281.01,USD,5732,ecommerce,swipe,visa,debit,IN,TRUE,pass,fail,5,4.7,0.65,1.39,6.74,TRUE,Missing/failed compliance fields
wp_tx_00357,2025-06-28T13:39:46.579412,merchant_324,124.68,USD,5732,moto,online,amex,credit,UK,TRUE,unavailable,fail,7,2.75,0.13,0.18,3.06,TRUE,Missing/failed compliance fields
wp_tx_00358,2025-08-11T13:39:46.579424,merchant_307,363.03,USD,5912,moto,chip,amex,credit,DE,FALSE,pass,pass,6,1.91,0.77,0.82,3.5,TRUE,Missing/failed compliance fields
wp_tx_00359,2025-07-23T13:39:46.579438,merchant_982,455.98,USD,5812,ecommerce,swipe,mastercard,debit,US,TRUE,pass,fail,7,11.21,0.59,0.51,12.31,TRUE,Missing/failed compliance fields
wp_tx_00360,2025-08-05T13:39:46.579450,merchant_516,134.31,USD,5732,ecommerce,online,mastercard,corporate,UK,FALSE,unavailable,pass,5,1.14,0.24,0.28,1.66,TRUE,Missing/failed compliance fields
wp_tx_00361,2025-08-26T13:39:46.579463,merchant_562,498.42,USD,5411,pos,chip,amex,credit,US,FALSE,fail,pass,5,11.67,0.63,2.34,14.64,TRUE,Missing/failed compliance fields
wp_tx_00362,2025-06-16T13:39:46.579482,merchant_821,222.97,USD,4111,ecommerce,swipe,amex,debit,DE,TRUE,unavailable,fail,6,4.88,0.53,0.61,6.02,TRUE,Missing/failed compliance fields
wp_tx_00363,2025-09-04T13:39:46.579495,merchant_450,309.61,USD,5912,pos,swipe,amex,debit,US,TRUE,pass,unavailable,5,2.74,0.92,0.69,4.35,FALSE,Qualified
wp_tx_00364,2025-08-13T13:39:46.579510,merchant_531,76.04,USD,5912,moto,contactless,visa,credit,US,TRUE,unavailable,pass,6,0.98,0.09,0.24,1.31,FALSE,Qualified
wp_tx_00365,2025-08-23T13:39:46.579533,merchant_572,444.49,USD,4111,moto,chip,mastercard,credit,UK,TRUE,pass,fail,6,4.16,0.22,2.22,6.6,TRUE,Missing/failed compliance fields
wp_tx_00366,2025-08-16T13:39:46.579547,merchant_648,41.93,USD,5732,moto,online,amex,debit,IN,FALSE,pass,unavailable,6,0.68,0.05,0.13,0.86,TRUE,Missing/failed compliance fields
wp_tx_00367,2025-07-27T13:39:46.579561,merchant_726,47.76,USD,5411,moto,chip,mastercard,corporate,IN,FALSE,fail,unavailable,5,0.48,0.11,0.1,0.69,TRUE,Missing/failed compliance fields
wp_tx_00368,2025-07-21T13:39:46.579574,merchant_619,426.67,USD,5912,pos,online,visa,corporate,UK,TRUE,unavailable,fail,7,4.12,0.55,0.6,5.27,TRUE,Missing/failed compliance fields
wp_tx_00369,2025-08-14T13:39:46.579587,merchant_276,31.12,USD,5411,ecommerce,online,visa,credit,IN,FALSE,pass,unavailable,5,0.4,0.06,0.05,0.51,TRUE,Missing/failed compliance fields
wp_tx_00370,2025-08-10T13:39:46.579600,merchant_948,456.57,USD,4111,pos,contactless,mastercard,debit,FR,TRUE,unavailable,pass,7,5.46,0.7,1.41,7.57,FALSE,Qualified
wp_tx_00371,2025-07-09T13:39:46.579618,merchant_657,165.67,USD,4111,pos,online,visa,debit,IN,TRUE,unavailable,fail,5,3.79,0.15,0.69,4.63,TRUE,Missing/failed compliance fields
wp_tx_00372,2025-06-26T13:39:46.579631,merchant_664,99.7,USD,5912,ecommerce,online,visa,corporate,IN,FALSE,pass,unavailable,5,1.32,0.22,0.34,1.88,TRUE,Missing/failed compliance fields
wp_tx_00373,2025-07-24T13:39:46.579645,merchant_626,489.59,USD,4111,moto,swipe,mastercard,credit,FR,FALSE,fail,unavailable,6,4.05,0.39,1.36,5.8,TRUE,Missing/failed compliance fields
wp_tx_00374,2025-08-29T13:39:46.579659,merchant_821,313.26,USD,4111,pos,contactless,visa,debit,IN,FALSE,unavailable,pass,7,4.78,0.73,1.51,7.02,TRUE,Missing/failed compliance fields
wp_tx_00375,2025-07-19T13:39:46.579672,merchant_191,238.42,USD,5732,pos,swipe,amex,corporate,FR,TRUE,pass,unavailable,7,4.22,0.2,0.94,5.36,FALSE,Qualified
wp_tx_00376,2025-06-16T13:39:46.579685,merchant_272,154.6,USD,5812,moto,manual,mastercard,credit,UK,FALSE,pass,fail,5,3.79,0.39,0.38,4.56,TRUE,Missing/failed compliance fields
wp_tx_00377,2025-07-15T13:39:46.579698,merchant_805,234.93,USD,5732,ecommerce,chip,mastercard,credit,US,FALSE,unavailable,pass,6,3.34,0.47,0.57,4.38,TRUE,Missing/failed compliance fields
wp_tx_00378,2025-07-08T13:39:46.579715,merchant_321,436.21,USD,4111,pos,online,mastercard,credit,UK,TRUE,fail,pass,7,6.31,1.09,1.27,8.67,TRUE,Missing/failed compliance fields
wp_tx_00379,2025-09-02T13:39:46.579728,merchant_268,454.13,USD,5912,moto,manual,mastercard,corporate,US,TRUE,pass,pass,5,10.89,0.9,1.22,13.01,FALSE,Qualified
wp_tx_00380,2025-07-14T13:39:46.579744,merchant_306,189.34,USD,5812,moto,manual,amex,debit,US,TRUE,pass,pass,5,1.85,0.29,0.74,2.88,FALSE,Qualified
wp_tx_00381,2025-08-14T13:39:46.579766,merchant_163,336.88,USD,5732,pos,online,visa,debit,FR,TRUE,fail,unavailable,6,6.43,0.37,0.91,7.71,TRUE,Missing/failed compliance fields
wp_tx_00382,2025-07-08T13:39:46.579785,merchant_125,417.37,USD,5912,moto,swipe,amex,debit,US,TRUE,fail,pass,7,4.6,0.82,0.88,6.3,TRUE,Missing/failed compliance fields
wp_tx_00383,2025-09-04T13:39:46.579798,merchant_735,347.12,USD,5732,moto,chip,visa,corporate,UK,FALSE,pass,fail,5,6.61,0.9,1.36,8.87,TRUE,Missing/failed compliance fields
wp_tx_00384,2025-07-17T13:39:46.579811,merchant_237,114.24,USD,5912,pos,online,amex,debit,UK,FALSE,fail,unavailable,7,2.26,0.06,0.29,2.61,TRUE,Missing/failed compliance fields
wp_tx_00385,2025-07-22T13:39:46.579824,merchant_106,117.08,USD,4111,ecommerce,online,amex,debit,FR,FALSE,fail,pass,5,1.58,0.28,0.36,2.22,TRUE,Missing/failed compliance fields
wp_tx_00386,2025-08-12T13:39:46.579836,merchant_402,86.81,USD,5732,ecommerce,manual,visa,credit,US,TRUE,pass,unavailable,6,1.62,0.24,0.26,2.12,FALSE,Qualified
wp_tx_00387,2025-07-18T13:39:46.579853,merchant_338,491.87,USD,5812,pos,chip,amex,credit,IN,TRUE,fail,pass,7,10.97,1.27,1.16,13.4,TRUE,Missing/failed compliance fields
wp_tx_00388,2025-06-24T13:39:46.579867,merchant_364,233.76,USD,5912,moto,chip,amex,credit,US,TRUE,fail,pass,7,3.91,0.31,0.4,4.62,TRUE,Missing/failed compliance fields
wp_tx_00389,2025-07-07T13:39:46.579894,merchant_605,9.08,USD,5411,moto,swipe,mastercard,corporate,US,TRUE,unavailable,fail,7,0.09,0.02,0.02,0.13,TRUE,Missing/failed compliance fields
wp_tx_00390,2025-07-16T13:39:46.579911,merchant_941,343.76,USD,5411,ecommerce,manual,visa,credit,FR,FALSE,fail,unavailable,5,3.35,0.41,1.5,5.26,TRUE,Missing/failed compliance fields
wp_tx_00391,2025-07-12T13:39:46.579934,merchant_169,262.45,USD,5812,ecommerce,contactless,mastercard,debit,DE,FALSE,fail,unavailable,6,5.33,0.5,1.05,6.88,TRUE,Missing/failed compliance fields
wp_tx_00392,2025-07-12T13:39:46.579955,merchant_401,147.31,USD,4111,pos,manual,mastercard,credit,UK,FALSE,pass,unavailable,7,1.97,0.31,0.58,2.86,TRUE,Missing/failed compliance fields
wp_tx_00393,2025-07-26T13:39:46.579974,merchant_461,431.89,USD,5411,moto,swipe,amex,corporate,FR,TRUE,unavailable,fail,6,6.96,1.27,0.49,8.72,TRUE,Missing/failed compliance fields
wp_tx_00394,2025-08-04T13:39:46.579989,merchant_830,51.38,USD,5732,pos,swipe,visa,credit,FR,FALSE,unavailable,fail,7,0.34,0.12,0.18,0.64,TRUE,Missing/failed compliance fields
wp_tx_00395,2025-08-04T13:39:46.580001,merchant_772,64.06,USD,5912,ecommerce,swipe,mastercard,debit,IN,FALSE,unavailable,pass,6,0.39,0.05,0.11,0.55,TRUE,Missing/failed compliance fields
wp_tx_00396,2025-09-02T13:39:46.580016,merchant_390,81.47,USD,5812,moto,swipe,visa,credit,DE,FALSE,unavailable,unavailable,6,0.64,0.21,0.39,1.24,TRUE,Missing/failed compliance fields
wp_tx_00397,2025-07-02T13:39:46.580038,merchant_361,237.1,USD,5732,moto,online,amex,corporate,FR,TRUE,pass,unavailable,7,5.72,0.19,0.5,6.41,FALSE,Qualified
wp_tx_00398,2025-08-28T13:39:46.580056,merchant_110,196.58,USD,5411,ecommerce,contactless,mastercard,corporate,DE,TRUE,pass,pass,7,4.27,0.18,0.92,5.37,FALSE,Qualified
wp_tx_00399,2025-09-03T13:39:46.580074,merchant_401,173.22,USD,5912,pos,manual,visa,corporate,IN,FALSE,fail,unavailable,7,3.38,0.17,0.45,4,TRUE,Missing/failed compliance fields
wp_tx_00400,2025-06-24T13:39:46.580089,merchant_385,240.46,USD,5411,ecommerce,manual,visa,debit,DE,TRUE,pass,fail,5,2.38,0.15,0.93,3.46,TRUE,Missing/failed compliance fields
wp_tx_00401,2025-07-25T13:39:46.580102,merchant_608,402.48,USD,5812,moto,online,visa,corporate,US,TRUE,pass,pass,7,4.3,0.34,1.98,6.62,FALSE,Qualified
wp_tx_00402,2025-07-25T13:39:46.580120,merchant_698,279.82,USD,5812,ecommerce,swipe,mastercard,corporate,DE,FALSE,unavailable,unavailable,6,1.75,0.65,1.26,3.66,TRUE,Missing/failed compliance fields
wp_tx_00403,2025-09-02T13:39:46.580133,merchant_185,260.97,USD,4111,ecommerce,chip,visa,debit,IN,FALSE,pass,unavailable,5,1.78,0.58,0.3,2.66,TRUE,Missing/failed compliance fields
wp_tx_00404,2025-07-27T13:39:46.580146,merchant_747,450.01,USD,5732,ecommerce,online,visa,corporate,US,TRUE,unavailable,unavailable,5,11.02,1.1,0.73,12.85,FALSE,Qualified
wp_tx_00405,2025-07-01T13:39:46.580164,merchant_642,198.81,USD,4111,ecommerce,online,visa,credit,US,TRUE,fail,fail,7,2.05,0.47,0.66,3.18,TRUE,Missing/failed compliance fields
wp_tx_00406,2025-06-08T13:39:46.580181,merchant_352,184.46,USD,5411,pos,chip,amex,debit,FR,FALSE,unavailable,fail,5,2.3,0.53,0.2,3.03,TRUE,Missing/failed compliance fields
wp_tx_00407,2025-08-06T13:39:46.580198,merchant_503,202.1,USD,5812,moto,swipe,amex,debit,IN,TRUE,pass,fail,7,4.82,0.33,0.62,5.77,TRUE,Missing/failed compliance fields
wp_tx_00408,2025-07-16T13:39:46.580212,merchant_961,170.05,USD,5732,moto,contactless,mastercard,debit,US,TRUE,pass,unavailable,6,3.37,0.48,0.48,4.33,FALSE,Qualified
wp_tx_00409,2025-08-13T13:39:46.580225,merchant_112,181.56,USD,5812,ecommerce,swipe,amex,credit,DE,FALSE,fail,fail,6,4.06,0.35,0.25,4.66,TRUE,Missing/failed compliance fields
wp_tx_00410,2025-06-22T13:39:46.580238,merchant_466,479.38,USD,5812,pos,chip,visa,corporate,DE,FALSE,fail,fail,5,2.81,0.53,2.19,5.53,TRUE,Missing/failed compliance fields
wp_tx_00411,2025-07-28T13:39:46.580250,merchant_329,204.58,USD,5812,pos,contactless,amex,credit,US,FALSE,unavailable,unavailable,6,4.84,0.15,0.45,5.44,TRUE,Missing/failed compliance fields
wp_tx_00412,2025-07-16T13:39:46.580263,merchant_425,33.9,USD,5411,ecommerce,contactless,visa,debit,FR,TRUE,fail,pass,6,0.65,0.07,0.08,0.8,TRUE,Missing/failed compliance fields
wp_tx_00413,2025-08-28T13:39:46.580276,merchant_345,280.57,USD,5411,ecommerce,manual,amex,debit,UK,FALSE,pass,pass,7,2.39,0.7,0.66,3.75,TRUE,Missing/failed compliance fields
wp_tx_00414,2025-07-03T13:39:46.580290,merchant_222,146.66,USD,5912,moto,online,visa,debit,DE,FALSE,pass,unavailable,7,1.91,0.17,0.66,2.74,TRUE,Missing/failed compliance fields
wp_tx_00415,2025-07-16T13:39:46.580303,merchant_117,299.31,USD,4111,moto,manual,visa,corporate,IN,TRUE,pass,unavailable,5,5.09,0.39,0.84,6.32,FALSE,Qualified
wp_tx_00416,2025-07-20T13:39:46.580316,merchant_253,378.53,USD,4111,moto,online,visa,debit,FR,FALSE,unavailable,unavailable,6,5.2,0.95,0.6,6.75,TRUE,Missing/failed compliance fields
wp_tx_00417,2025-07-08T13:39:46.580332,merchant_437,381,USD,5732,pos,chip,amex,corporate,IN,FALSE,pass,fail,6,8.11,0.49,1.33,9.93,TRUE,Missing/failed compliance fields
wp_tx_00418,2025-07-21T13:39:46.580345,merchant_692,453.89,USD,5411,ecommerce,swipe,mastercard,credit,DE,TRUE,unavailable,unavailable,7,9.79,1.19,1.91,12.89,FALSE,Qualified
wp_tx_00419,2025-08-09T13:39:46.580358,merchant_331,102.05,USD,5812,ecommerce,swipe,amex,credit,IN,FALSE,unavailable,pass,7,0.66,0.27,0.49,1.42,TRUE,Missing/failed compliance fields
wp_tx_00420,2025-08-19T13:39:46.580374,merchant_855,248.68,USD,5912,ecommerce,swipe,amex,corporate,UK,TRUE,pass,fail,6,5.15,0.43,1.04,6.62,TRUE,Missing/failed compliance fields
wp_tx_00421,2025-07-11T13:39:46.580392,merchant_612,136.78,USD,5732,ecommerce,contactless,amex,debit,FR,FALSE,unavailable,fail,7,2.61,0.38,0.17,3.16,TRUE,Missing/failed compliance fields
wp_tx_00422,2025-09-05T13:39:46.580414,merchant_966,158.9,USD,4111,ecommerce,online,mastercard,corporate,DE,FALSE,unavailable,fail,6,1.56,0.27,0.77,2.6,TRUE,Missing/failed compliance fields
wp_tx_00423,2025-06-10T13:39:46.580430,merchant_213,230.15,USD,4111,ecommerce,chip,amex,debit,UK,TRUE,pass,fail,5,4.21,0.15,0.9,5.26,TRUE,Missing/failed compliance fields
wp_tx_00424,2025-07-15T13:39:46.580443,merchant_443,78.31,USD,5912,moto,manual,amex,credit,DE,FALSE,unavailable,unavailable,5,0.73,0.06,0.3,1.09,TRUE,Missing/failed compliance fields
wp_tx_00425,2025-08-01T13:39:46.580455,merchant_189,177.06,USD,5912,ecommerce,swipe,mastercard,corporate,US,TRUE,unavailable,fail,5,3.64,0.09,0.82,4.55,TRUE,Missing/failed compliance fields
wp_tx_00426,2025-07-27T13:39:46.580473,merchant_870,217.73,USD,5732,moto,online,visa,corporate,DE,FALSE,pass,unavailable,7,4.72,0.63,0.9,6.25,TRUE,Missing/failed compliance fields
wp_tx_00427,2025-08-30T13:39:46.580486,merchant_612,357.98,USD,5732,pos,contactless,amex,corporate,DE,FALSE,fail,fail,5,2.4,0.54,1.67,4.61,TRUE,Missing/failed compliance fields
wp_tx_00428,2025-06-28T13:39:46.580498,merchant_712,86.01,USD,5411,ecommerce,manual,amex,debit,DE,FALSE,pass,unavailable,7,1.93,0.19,0.17,2.29,TRUE,Missing/failed compliance fields
wp_tx_00429,2025-07-05T13:39:46.580511,merchant_409,430.87,USD,5411,moto,manual,amex,credit,FR,FALSE,fail,fail,5,6.82,0.74,1.91,9.47,TRUE,Missing/failed compliance fields
wp_tx_00430,2025-06-22T13:39:46.580536,merchant_370,433.25,USD,5912,pos,online,amex,corporate,IN,TRUE,fail,unavailable,7,9.04,0.99,0.88,10.91,TRUE,Missing/failed compliance fields
wp_tx_00431,2025-08-15T13:39:46.580549,merchant_200,370.61,USD,4111,moto,contactless,mastercard,corporate,DE,TRUE,pass,fail,7,3.64,0.78,1.18,5.6,TRUE,Missing/failed compliance fields
wp_tx_00432,2025-09-05T13:39:46.580562,merchant_191,453.18,USD,5732,moto,manual,mastercard,debit,US,TRUE,fail,unavailable,6,3.71,0.94,1.9,6.55,TRUE,Missing/failed compliance fields
wp_tx_00433,2025-06-25T13:39:46.580575,merchant_558,80.17,USD,5411,ecommerce,contactless,visa,corporate,DE,TRUE,unavailable,fail,6,1.42,0.18,0.12,1.72,TRUE,Missing/failed compliance fields
wp_tx_00434,2025-08-20T13:39:46.580596,merchant_839,369.93,USD,5812,pos,chip,amex,debit,FR,TRUE,pass,unavailable,6,3.02,0.77,0.82,4.61,FALSE,Qualified
wp_tx_00435,2025-08-20T13:39:46.580617,merchant_543,337.6,USD,5732,moto,manual,visa,debit,IN,TRUE,pass,fail,5,3.2,0.52,0.9,4.62,TRUE,Missing/failed compliance fields
wp_tx_00436,2025-08-09T13:39:46.580630,merchant_619,231.39,USD,5732,moto,contactless,amex,debit,FR,FALSE,unavailable,fail,7,2.83,0.54,0.71,4.08,TRUE,Missing/failed compliance fields
wp_tx_00437,2025-08-08T13:39:46.580643,merchant_240,126.63,USD,5732,pos,swipe,visa,corporate,US,FALSE,unavailable,unavailable,6,1.31,0.33,0.47,2.11,TRUE,Missing/failed compliance fields
wp_tx_00438,2025-06-15T13:39:46.580656,merchant_764,122.61,USD,5732,moto,swipe,mastercard,debit,DE,TRUE,pass,pass,5,1.58,0.22,0.4,2.2,FALSE,Qualified
wp_tx_00439,2025-09-02T13:39:46.580674,merchant_420,471.54,USD,5912,ecommerce,swipe,mastercard,corporate,US,TRUE,fail,unavailable,7,11.56,1.32,1.79,14.67,TRUE,Missing/failed compliance fields
wp_tx_00440,2025-08-16T13:39:46.580686,merchant_818,237.37,USD,4111,pos,swipe,amex,credit,DE,FALSE,unavailable,unavailable,5,2.85,0.37,0.8,4.02,TRUE,Missing/failed compliance fields
wp_tx_00441,2025-07-17T13:39:46.580699,merchant_743,336.84,USD,5411,pos,swipe,mastercard,corporate,US,TRUE,pass,pass,7,5.62,0.56,1.06,7.24,FALSE,Qualified
wp_tx_00442,2025-08-13T13:39:46.580717,merchant_773,222.23,USD,4111,ecommerce,manual,visa,credit,DE,TRUE,pass,pass,5,2.83,0.6,1.04,4.47,FALSE,Qualified
wp_tx_00443,2025-09-04T13:39:46.580730,merchant_660,54.06,USD,4111,moto,contactless,visa,credit,DE,FALSE,fail,fail,7,1.27,0.15,0.1,1.52,TRUE,Missing/failed compliance fields
wp_tx_00444,2025-08-10T13:39:46.580746,merchant_478,127.42,USD,5732,pos,manual,visa,credit,DE,FALSE,unavailable,unavailable,7,1.51,0.19,0.13,1.83,TRUE,Missing/failed compliance fields
wp_tx_00445,2025-07-10T13:39:46.580759,merchant_458,285.82,USD,5912,ecommerce,online,amex,credit,DE,FALSE,pass,pass,7,4.52,0.62,0.54,5.68,TRUE,Missing/failed compliance fields
wp_tx_00446,2025-07-10T13:39:46.580773,merchant_965,378.56,USD,5411,ecommerce,chip,visa,credit,US,FALSE,pass,fail,7,3.73,1.08,1.87,6.68,TRUE,Missing/failed compliance fields
wp_tx_00447,2025-06-10T13:39:46.580786,merchant_384,142.02,USD,5732,ecommerce,online,mastercard,corporate,IN,FALSE,unavailable,pass,6,3.12,0.3,0.28,3.7,TRUE,Missing/failed compliance fields
wp_tx_00448,2025-08-08T13:39:46.580799,merchant_126,338.93,USD,5812,moto,manual,amex,corporate,US,TRUE,fail,pass,5,4.01,0.87,0.53,5.41,TRUE,Missing/failed compliance fields
wp_tx_00449,2025-07-01T13:39:46.580812,merchant_309,153.34,USD,5812,pos,online,visa,corporate,UK,FALSE,fail,unavailable,6,1.12,0.45,0.51,2.08,TRUE,Missing/failed compliance fields
wp_tx_00450,2025-08-13T13:39:46.580829,merchant_778,221.44,USD,5912,moto,online,mastercard,credit,IN,TRUE,fail,unavailable,6,3.68,0.43,0.55,4.66,TRUE,Missing/failed compliance fields
wp_tx_00451,2025-08-10T13:39:46.580852,merchant_184,438.87,USD,4111,pos,online,visa,corporate,UK,TRUE,unavailable,unavailable,6,4.45,1.15,0.44,6.04,FALSE,Qualified
wp_tx_00452,2025-06-11T13:39:46.580866,merchant_667,335.54,USD,5912,ecommerce,manual,mastercard,credit,IN,TRUE,fail,pass,5,7.94,0.82,1.43,10.19,TRUE,Missing/failed compliance fields
wp_tx_00453,2025-06-30T13:39:46.580893,merchant_700,403.01,USD,5411,ecommerce,online,amex,credit,IN,TRUE,fail,pass,7,6.73,0.83,1.48,9.04,TRUE,Missing/failed compliance fields
wp_tx_00454,2025-06-24T13:39:46.580908,merchant_954,252.38,USD,5812,moto,swipe,mastercard,corporate,IN,TRUE,pass,unavailable,7,2.76,0.54,0.38,3.68,FALSE,Qualified
wp_tx_00455,2025-07-29T13:39:46.580921,merchant_263,381.62,USD,5812,ecommerce,contactless,mastercard,corporate,US,TRUE,unavailable,pass,5,3.43,0.45,1.47,5.35,FALSE,Qualified
wp_tx_00456,2025-08-10T13:39:46.580934,merchant_623,288.66,USD,5912,pos,online,visa,credit,US,FALSE,pass,fail,6,4.03,0.16,0.89,5.08,TRUE,Missing/failed compliance fields
wp_tx_00457,2025-07-13T13:39:46.580947,merchant_552,278.02,USD,5912,ecommerce,contactless,amex,corporate,UK,FALSE,pass,fail,7,4.78,0.6,0.73,6.11,TRUE,Missing/failed compliance fields
wp_tx_00458,2025-06-11T13:39:46.580966,merchant_314,231.47,USD,5912,moto,online,visa,corporate,UK,FALSE,fail,fail,6,4.66,0.17,0.49,5.32,TRUE,Missing/failed compliance fields
wp_tx_00459,2025-06-24T13:39:46.580983,merchant_638,286.39,USD,5912,pos,chip,visa,credit,FR,TRUE,fail,pass,5,3.59,0.86,0.31,4.76,TRUE,Missing/failed compliance fields
wp_tx_00460,2025-06-24T13:39:46.581005,merchant_401,35.28,USD,4111,moto,chip,amex,corporate,UK,FALSE,unavailable,unavailable,5,0.47,0.04,0.16,0.67,TRUE,Missing/failed compliance fields
wp_tx_00461,2025-08-29T13:39:46.581028,merchant_919,346.4,USD,5912,pos,manual,mastercard,debit,DE,TRUE,pass,unavailable,7,5.77,0.74,1.62,8.13,FALSE,Qualified
wp_tx_00462,2025-06-21T13:39:46.581052,merchant_675,464.59,USD,5812,pos,online,amex,credit,FR,TRUE,pass,pass,7,5.37,1.3,0.53,7.2,FALSE,Qualified
wp_tx_00463,2025-07-20T13:39:46.581078,merchant_265,99.34,USD,5411,moto,contactless,amex,credit,FR,FALSE,fail,pass,5,1.65,0.19,0.32,2.16,TRUE,Missing/failed compliance fields
wp_tx_00464,2025-06-15T13:39:46.581097,merchant_374,80.77,USD,4111,pos,online,mastercard,debit,UK,FALSE,fail,pass,5,0.41,0.16,0.3,0.87,TRUE,Missing/failed compliance fields
wp_tx_00465,2025-06-25T13:39:46.581116,merchant_678,202.59,USD,5732,ecommerce,manual,visa,corporate,DE,TRUE,pass,fail,7,1.51,0.29,0.52,2.32,TRUE,Missing/failed compliance fields
wp_tx_00466,2025-08-23T13:39:46.581129,merchant_880,51.57,USD,4111,moto,online,visa,corporate,US,FALSE,pass,fail,6,1.26,0.11,0.21,1.58,TRUE,Missing/failed compliance fields
wp_tx_00467,2025-07-15T13:39:46.581141,merchant_825,447.87,USD,5912,pos,online,mastercard,corporate,UK,TRUE,fail,pass,7,4.01,0.83,1.93,6.77,TRUE,Missing/failed compliance fields
wp_tx_00468,2025-08-13T13:39:46.581154,merchant_474,391.1,USD,5812,moto,manual,amex,credit,IN,TRUE,unavailable,pass,7,4.74,1.05,1.34,7.13,FALSE,Qualified
wp_tx_00469,2025-08-06T13:39:46.581168,merchant_826,20.44,USD,5812,ecommerce,swipe,visa,credit,UK,FALSE,unavailable,pass,5,0.31,0.02,0.04,0.37,TRUE,Missing/failed compliance fields
wp_tx_00470,2025-07-19T13:39:46.581181,merchant_978,447.06,USD,5812,ecommerce,online,visa,corporate,DE,FALSE,fail,pass,6,7.15,0.69,0.53,8.37,TRUE,Missing/failed compliance fields
wp_tx_00471,2025-07-02T13:39:46.581197,merchant_963,458.74,USD,5732,ecommerce,manual,visa,corporate,UK,TRUE,fail,unavailable,5,4.21,0.73,1.93,6.87,TRUE,Missing/failed compliance fields
wp_tx_00472,2025-08-17T13:39:46.581210,merchant_284,387.21,USD,5732,moto,swipe,mastercard,corporate,UK,TRUE,unavailable,fail,5,6.52,0.26,0.97,7.75,TRUE,Missing/failed compliance fields
wp_tx_00473,2025-08-15T13:39:46.581223,merchant_605,153.47,USD,4111,moto,swipe,mastercard,credit,IN,FALSE,fail,unavailable,6,3.77,0.43,0.29,4.49,TRUE,Missing/failed compliance fields
wp_tx_00474,2025-07-05T13:39:46.581244,merchant_711,25.21,USD,5411,moto,swipe,visa,credit,IN,FALSE,fail,unavailable,7,0.32,0.06,0.12,0.5,TRUE,Missing/failed compliance fields
wp_tx_00475,2025-08-05T13:39:46.581268,merchant_831,498.48,USD,5912,moto,online,visa,debit,DE,FALSE,unavailable,pass,5,7.22,0.99,1.4,9.61,TRUE,Missing/failed compliance fields
wp_tx_00476,2025-07-07T13:39:46.581281,merchant_471,379.48,USD,4111,pos,contactless,amex,credit,IN,TRUE,fail,pass,6,8.23,0.63,0.83,9.69,TRUE,Missing/failed compliance fields
wp_tx_00477,2025-08-07T13:39:46.581295,merchant_270,142.06,USD,5812,ecommerce,swipe,mastercard,corporate,US,TRUE,fail,fail,7,2.45,0.22,0.39,3.06,TRUE,Missing/failed compliance fields
wp_tx_00478,2025-06-25T13:39:46.581308,merchant_152,267.3,USD,5812,ecommerce,chip,mastercard,debit,UK,TRUE,unavailable,fail,7,3.21,0.24,0.9,4.35,TRUE,Missing/failed compliance fields
wp_tx_00479,2025-07-15T13:39:46.581321,merchant_973,288.47,USD,5411,moto,online,visa,credit,IN,TRUE,fail,unavailable,5,3.95,0.33,1.2,5.48,TRUE,Missing/failed compliance fields
wp_tx_00480,2025-07-06T13:39:46.581333,merchant_328,483.3,USD,5411,pos,chip,visa,debit,US,TRUE,unavailable,unavailable,6,11.03,1.25,1.76,14.04,FALSE,Qualified
wp_tx_00481,2025-06-30T13:39:46.581353,merchant_360,249.54,USD,5912,pos,online,amex,debit,UK,FALSE,unavailable,fail,7,5.48,0.41,1.12,7.01,TRUE,Missing/failed compliance fields
wp_tx_00482,2025-08-02T13:39:46.581366,merchant_586,198.9,USD,5411,moto,contactless,mastercard,debit,IN,TRUE,pass,pass,7,4.38,0.17,0.63,5.18,FALSE,Qualified
wp_tx_00483,2025-06-20T13:39:46.581378,merchant_517,225.36,USD,4111,ecommerce,online,mastercard,debit,US,TRUE,pass,unavailable,6,5.12,0.67,1.13,6.92,FALSE,Qualified
wp_tx_00484,2025-09-04T13:39:46.581392,merchant_326,33.05,USD,5812,ecommerce,chip,amex,corporate,IN,FALSE,pass,fail,7,0.35,0.08,0.1,0.53,TRUE,Missing/failed compliance fields
wp_tx_00485,2025-08-07T13:39:46.581406,merchant_919,469.07,USD,5812,pos,manual,mastercard,credit,IN,TRUE,fail,fail,7,8.9,0.46,0.96,10.32,TRUE,Missing/failed compliance fields
wp_tx_00486,2025-08-08T13:39:46.581419,merchant_715,132.51,USD,4111,pos,contactless,amex,credit,FR,FALSE,fail,unavailable,7,1.1,0.09,0.33,1.52,TRUE,Missing/failed compliance fields
wp_tx_00487,2025-07-02T13:39:46.581433,merchant_339,21.35,USD,5732,ecommerce,swipe,visa,debit,FR,FALSE,unavailable,unavailable,7,0.46,0.02,0.1,0.58,TRUE,Missing/failed compliance fields
wp_tx_00488,2025-07-01T13:39:46.581446,merchant_860,63.51,USD,5912,pos,swipe,amex,corporate,UK,TRUE,fail,unavailable,7,1.45,0.17,0.23,1.85,TRUE,Missing/failed compliance fields
wp_tx_00489,2025-06-09T13:39:46.581459,merchant_670,12.63,USD,5912,ecommerce,swipe,visa,debit,IN,TRUE,fail,pass,5,0.23,0.04,0.02,0.29,TRUE,Missing/failed compliance fields
wp_tx_00490,2025-08-19T13:39:46.581487,merchant_767,337.09,USD,5812,pos,swipe,mastercard,credit,US,FALSE,fail,fail,5,7.84,0.81,1.2,9.85,TRUE,Missing/failed compliance fields
wp_tx_00491,2025-07-19T13:39:46.581505,merchant_782,488.8,USD,5411,ecommerce,online,amex,credit,IN,FALSE,unavailable,fail,5,7.5,0.42,2.26,10.18,TRUE,Missing/failed compliance fields
wp_tx_00492,2025-06-16T13:39:46.581518,merchant_850,465.38,USD,4111,pos,manual,mastercard,debit,DE,FALSE,unavailable,unavailable,6,11.28,1.14,1.28,13.7,TRUE,Missing/failed compliance fields
wp_tx_00493,2025-07-01T13:39:46.581532,merchant_122,295.75,USD,5732,pos,chip,mastercard,corporate,US,FALSE,unavailable,pass,6,4.27,0.36,0.94,5.57,TRUE,Missing/failed compliance fields
wp_tx_00494,2025-07-10T13:39:46.581547,merchant_241,40.9,USD,5411,moto,chip,mastercard,debit,DE,FALSE,unavailable,fail,6,0.95,0.05,0.09,1.09,TRUE,Missing/failed compliance fields
wp_tx_00495,2025-08-10T13:39:46.581561,merchant_379,462.33,USD,5411,ecommerce,online,mastercard,credit,DE,FALSE,unavailable,unavailable,5,3.18,1.37,0.84,5.39,TRUE,Missing/failed compliance fields
wp_tx_00496,2025-08-01T13:39:46.581573,merchant_807,201.41,USD,5912,pos,manual,visa,debit,DE,FALSE,pass,pass,7,4.64,0.41,0.33,5.38,TRUE,Missing/failed compliance fields
wp_tx_00497,2025-08-18T13:39:46.581586,merchant_436,337.25,USD,5411,pos,online,visa,debit,US,TRUE,pass,fail,6,4.94,0.95,1.25,7.14,TRUE,Missing/failed compliance fields
wp_tx_00498,2025-07-05T13:39:46.581599,merchant_240,433.69,USD,5411,ecommerce,contactless,amex,debit,FR,FALSE,unavailable,pass,5,3.4,0.62,1.26,5.28,TRUE,Missing/failed compliance fields
wp_tx_00499,2025-09-02T13:39:46.581616,merchant_161,308.7,USD,5912,pos,online,mastercard,debit,UK,TRUE,fail,pass,7,6.04,0.21,1.54,7.79,TRUE,Missing/failed compliance fields
wp_tx_00500,2025-06-20T13:39:46.581629,merchant_570,432.53,USD,4111,pos,manual,mastercard,credit,FR,TRUE,fail,fail,5,6.64,0.82,1.69,9.15,TRUE,Missing/failed compliance fields
